strength,locX,locY,turn_num,nameMappingId,faction_nk,faction_id,minTurnNum,maxTurnNum,turnsDuration
4238,292.79114,195.28717000000003,1,239,wh2_main_skv_clan_skyre,337,1,187,186
3968,291.45419,207.63734,2,239,wh2_main_skv_clan_skyre,337,1,187,186
3968,291.45419,209.953,3,239,wh2_main_skv_clan_skyre,337,1,187,186
3968,291.45419,209.953,4,239,wh2_main_skv_clan_skyre,337,1,187,186
3968,291.45419,209.953,5,239,wh2_main_skv_clan_skyre,337,1,187,186
3968,291.45419,209.953,6,239,wh2_main_skv_clan_skyre,337,1,187,186
3968,291.45419,209.953,7,239,wh2_main_skv_clan_skyre,337,1,187,186
3968,291.45419,209.953,8,239,wh2_main_skv_clan_skyre,337,1,187,186
3968,291.45419,209.953,9,239,wh2_main_skv_clan_skyre,337,1,187,186
4080,291.45419,209.95300000000003,10,239,wh2_main_skv_clan_skyre,337,1,187,186
4080,291.45419,209.95300000000003,11,239,wh2_main_skv_clan_skyre,337,1,187,186
4320,291.45419,209.953,12,239,wh2_main_skv_clan_skyre,337,1,187,186
4376,291.45419,209.953,13,239,wh2_main_skv_clan_skyre,337,1,187,186
4452,313.51382000000007,208.02327999999994,14,239,wh2_main_skv_clan_skyre,337,1,187,186
4452,312.84533999999996,203.77792,15,239,wh2_main_skv_clan_skyre,337,1,187,186
4452,312.84533999999996,203.77792,16,239,wh2_main_skv_clan_skyre,337,1,187,186
4452,325.54633000000007,189.49802,17,239,wh2_main_skv_clan_skyre,337,1,187,186
4452,326.21478000000013,173.67436,18,239,wh2_main_skv_clan_skyre,337,1,187,186
4452,318.19311999999996,171.3586999999999,19,239,wh2_main_skv_clan_skyre,337,1,187,186
4452,308.8345,155.14908999999994,20,239,wh2_main_skv_clan_skyre,337,1,187,186
4452,332.23105000000004,167.11333000000002,21,239,wh2_main_skv_clan_skyre,337,1,187,186
4452,337.5788300000001,169.42898999999994,22,239,wh2_main_skv_clan_skyre,337,1,187,186
4452,348.9428699999999,185.25266000000005,23,239,wh2_main_skv_clan_skyre,337,1,187,186
4956,360.30692,200.30443000000005,24,239,wh2_main_skv_clan_skyre,337,1,187,186
6586,368.9970700000001,201.46227,25,239,wh2_main_skv_clan_skyre,337,1,187,186
6586,363.64929000000006,189.88396999999995,26,239,wh2_main_skv_clan_skyre,337,1,187,186
6586,350.9483,212.65459999999993,27,239,wh2_main_skv_clan_skyre,337,1,187,186
6586,342.9266399999999,208.02327999999994,28,239,wh2_main_skv_clan_skyre,337,1,187,186
6586,340.9211999999999,202.23415000000008,29,239,wh2_main_skv_clan_skyre,337,1,187,186
6586,332.89954000000006,223.07506999999995,30,239,wh2_main_skv_clan_skyre,337,1,187,186
6586,355.62759,224.61884000000003,31,239,wh2_main_skv_clan_skyre,337,1,187,186
6586,368.9970700000001,232.33770999999987,32,239,wh2_main_skv_clan_skyre,337,1,187,186
6586,387.0458399999999,239.67061999999996,33,239,wh2_main_skv_clan_skyre,337,1,187,186
6586,402.42072,243.14410000000007,34,239,wh2_main_skv_clan_skyre,337,1,187,186
6586,420.46947999999986,262.0553300000001,35,239,wh2_main_skv_clan_skyre,337,1,187,186
6586,433.83893,270.54608,36,239,wh2_main_skv_clan_skyre,337,1,187,186
6586,449.88228999999984,262.0553300000001,37,239,wh2_main_skv_clan_skyre,337,1,187,186
6586,425.14880000000005,258.58182,38,239,wh2_main_skv_clan_skyre,337,1,187,186
6586,427.8226900000001,250.09108000000006,39,239,wh2_main_skv_clan_skyre,337,1,187,186
6586,406.43155000000013,232.33770999999987,40,239,wh2_main_skv_clan_skyre,337,1,187,186
6586,381.02956999999986,201.46227,41,239,wh2_main_skv_clan_skyre,337,1,187,186
6586,371.00247000000013,174.83217999999994,42,239,wh2_main_skv_clan_skyre,337,1,187,186
6586,371.67096000000015,172.13058,43,239,wh2_main_skv_clan_skyre,337,1,187,186
6586,403.7576600000001,182.93699999999995,44,239,wh2_main_skv_clan_skyre,337,1,187,186
6586,404.42612,196.44499,45,239,wh2_main_skv_clan_skyre,337,1,187,186
6586,421.8064299999998,201.84821000000005,46,239,wh2_main_skv_clan_skyre,337,1,187,186
6586,421.1379699999999,194.51528999999994,47,239,wh2_main_skv_clan_skyre,337,1,187,186
6586,427.15420999999986,226.54855000000003,48,239,wh2_main_skv_clan_skyre,337,1,187,186
6586,448.54535000000016,208.79518000000002,49,239,wh2_main_skv_clan_skyre,337,1,187,186
6586,468.5995500000001,199.53254999999993,50,239,wh2_main_skv_clan_skyre,337,1,187,186
6586,473.2788400000001,187.56831000000005,51,239,wh2_main_skv_clan_skyre,337,1,187,186
6586,481.96899,180.2354,52,239,wh2_main_skv_clan_skyre,337,1,187,186
6586,479.96356000000003,175.99002000000007,53,239,wh2_main_skv_clan_skyre,337,1,187,186
6586,500.6862499999999,181.00727999999992,54,239,wh2_main_skv_clan_skyre,337,1,187,186
6586,498.68081999999976,175.99002000000007,55,239,wh2_main_skv_clan_skyre,337,1,187,186
6586,516.7296100000001,172.51652999999993,56,239,wh2_main_skv_clan_skyre,337,1,187,186
6586,523.41431,176.37595999999996,57,239,wh2_main_skv_clan_skyre,337,1,187,186
6586,510.71332,196.83095,58,239,wh2_main_skv_clan_skyre,337,1,187,186
6586,508.70792,194.90122999999997,59,239,wh2_main_skv_clan_skyre,337,1,187,186
6586,494.00150000000014,202.62008999999995,60,239,wh2_main_skv_clan_skyre,337,1,187,186
6574,478.62662000000006,208.40923999999998,61,239,wh2_main_skv_clan_skyre,337,1,187,186
6586,494.00150000000014,202.62008999999995,62,239,wh2_main_skv_clan_skyre,337,1,187,186
6586,519.4035000000001,194.1293300000001,63,239,wh2_main_skv_clan_skyre,337,1,187,186
6586,552.8271499999998,204.93575000000004,64,239,wh2_main_skv_clan_skyre,337,1,187,186
6586,568.8704799999998,213.42648000000003,65,239,wh2_main_skv_clan_skyre,337,1,187,186
6586,576.8921499999999,200.30443000000005,66,239,wh2_main_skv_clan_skyre,337,1,187,186
6586,590.9300500000003,189.88396999999995,67,239,wh2_main_skv_clan_skyre,337,1,187,186
6586,601.6256699999999,182.16512000000006,68,239,wh2_main_skv_clan_skyre,337,1,187,186
6586,592.0022000000002,204.86301999999992,69,239,wh2_main_skv_clan_skyre,337,1,187,186
6586,621.0113500000001,197.21689000000006,70,239,wh2_main_skv_clan_skyre,337,1,187,186
6586,626.3591300000002,200.30443000000005,71,239,wh2_main_skv_clan_skyre,337,1,187,186
6586,606.9734499999997,182.93699999999995,72,239,wh2_main_skv_clan_skyre,337,1,187,186
6586,583.5769,193.35745,73,239,wh2_main_skv_clan_skyre,337,1,187,186
6586,581.5714700000001,202.23415000000008,74,239,wh2_main_skv_clan_skyre,337,1,187,186
6586,568.8704799999998,213.42648000000003,75,239,wh2_main_skv_clan_skyre,337,1,187,186
6586,578.2291299999999,227.3204299999999,76,239,wh2_main_skv_clan_skyre,337,1,187,186
6586,561.5172700000002,209.1811200000001,77,239,wh2_main_skv_clan_skyre,337,1,187,186
6586,573.5498,179.84945999999994,78,239,wh2_main_skv_clan_skyre,337,1,187,186
6586,576.22369,165.18361000000002,79,239,wh2_main_skv_clan_skyre,337,1,187,186
6586,572.88129,166.34144999999995,80,239,wh2_main_skv_clan_skyre,337,1,187,186
6586,550.1532599999998,177.14784000000006,81,239,wh2_main_skv_clan_skyre,337,1,187,186
6586,560.1803600000001,151.28967000000006,82,239,wh2_main_skv_clan_skyre,337,1,187,186
6586,565.5281400000001,154.37721000000005,83,239,wh2_main_skv_clan_skyre,337,1,187,186
6586,567.53351,136.23788,84,239,wh2_main_skv_clan_skyre,337,1,187,186
6586,564.85962,134.69410999999997,85,239,wh2_main_skv_clan_skyre,337,1,187,186
6586,542.8000499999999,100.34518432617188,86,239,wh2_main_skv_clan_skyre,337,1,187,186
6586,540.79462,68.31190999999998,87,239,wh2_main_skv_clan_skyre,337,1,187,186
6586,522.0773900000002,93.78414999999997,88,239,wh2_main_skv_clan_skyre,337,1,187,186
6586,499.34929999999997,94.55603999999997,89,239,wh2_main_skv_clan_skyre,337,1,187,186
6586,494.66998,100.34518432617188,90,239,wh2_main_skv_clan_skyre,337,1,187,186
1960,205.88966,258.58182,90,2993,wh2_main_skv_clan_skyre,337,1,187,186
6586,468.5995500000001,94.55603999999997,91,239,wh2_main_skv_clan_skyre,337,1,187,186
14058,203.88425000000004,263.59909,91,2993,wh2_main_skv_clan_skyre,337,1,187,186
6586,500.01776,85.67934999999996,92,239,wh2_main_skv_clan_skyre,337,1,187,186
14058,205.88966000000002,257.0380599999999,92,2993,wh2_main_skv_clan_skyre,337,1,187,186
6798,501.3547099999998,76.41671999999997,93,239,wh2_main_skv_clan_skyre,337,1,187,186
14058,205.88966000000002,257.0380599999999,93,2993,wh2_main_skv_clan_skyre,337,1,187,186
6798,520.74042,93.78414999999997,94,239,wh2_main_skv_clan_skyre,337,1,187,186
14638,205.88965999999994,257.0380599999999,94,2993,wh2_main_skv_clan_skyre,337,1,187,186
6798,544.1369599999999,118.09856414794922,95,239,wh2_main_skv_clan_skyre,337,1,187,186
14638,205.88965999999994,257.0380599999999,95,2993,wh2_main_skv_clan_skyre,337,1,187,186
6798,525.41974,137.39572,96,239,wh2_main_skv_clan_skyre,337,1,187,186
14746,205.8896599999999,257.0380599999999,96,2993,wh2_main_skv_clan_skyre,337,1,187,186
6798,526.0882,151.67561000000006,97,239,wh2_main_skv_clan_skyre,337,1,187,186
14746,205.8896599999999,257.0380599999999,97,2993,wh2_main_skv_clan_skyre,337,1,187,186
6798,499.34929999999997,158.62257,98,239,wh2_main_skv_clan_skyre,337,1,187,186
11414,189.84630999999993,268.61632999999995,98,2993,wh2_main_skv_clan_skyre,337,1,187,186
6798,478.62662,162.86794999999998,99,239,wh2_main_skv_clan_skyre,337,1,187,186
11414,189.84630999999993,268.61632999999995,99,2993,wh2_main_skv_clan_skyre,337,1,187,186
6798,447.2083999999998,167.11333000000002,100,239,wh2_main_skv_clan_skyre,337,1,187,186
11504,195.19410999999994,259.3537,100,2993,wh2_main_skv_clan_skyre,337,1,187,186
6798,439.18674,168.65709999999996,101,239,wh2_main_skv_clan_skyre,337,1,187,186
11504,193.18867,250.47701999999998,101,2993,wh2_main_skv_clan_skyre,337,1,187,186
6798,417.1271100000002,180.62134000000003,102,239,wh2_main_skv_clan_skyre,337,1,187,186
11504,193.18867,250.47701999999998,102,2993,wh2_main_skv_clan_skyre,337,1,187,186
6798,413.11627000000016,181.39321999999996,103,239,wh2_main_skv_clan_skyre,337,1,187,186
11504,187.84090000000006,268.23041000000006,103,2993,wh2_main_skv_clan_skyre,337,1,187,186
6798,443.1975700000001,177.91973999999993,104,239,wh2_main_skv_clan_skyre,337,1,187,186
11504,192.52019999999996,303.3512300000001,104,2993,wh2_main_skv_clan_skyre,337,1,187,186
6798,461.24633999999986,152.06154999999995,105,239,wh2_main_skv_clan_skyre,337,1,187,186
11254,193.85714999999996,321.8765,105,2993,wh2_main_skv_clan_skyre,337,1,187,186
6798,477.95816,128.51902999999996,106,239,wh2_main_skv_clan_skyre,337,1,187,186
11254,193.85714999999996,307.21066,106,2993,wh2_main_skv_clan_skyre,337,1,187,186
6798,479.96356000000003,126.58931,107,239,wh2_main_skv_clan_skyre,337,1,187,186
11254,192.52019999999996,296.40423999999996,107,2993,wh2_main_skv_clan_skyre,337,1,187,186
6798,491.3276100000001,96.87169999999998,108,239,wh2_main_skv_clan_skyre,337,1,187,186
14508,194.52563000000006,277.49304,108,2993,wh2_main_skv_clan_skyre,337,1,187,186
6798,494.66998,100.34518432617188,109,239,wh2_main_skv_clan_skyre,337,1,187,186
14508,194.52563000000006,277.49304,109,2993,wh2_main_skv_clan_skyre,337,1,187,186
6798,468.5995500000001,94.55603999999997,110,239,wh2_main_skv_clan_skyre,337,1,187,186
14508,192.52019999999996,273.24765000000014,110,2993,wh2_main_skv_clan_skyre,337,1,187,186
6798,440.5236800000001,108.44999000000003,111,239,wh2_main_skv_clan_skyre,337,1,187,186
14508,187.84090000000003,268.23041000000006,111,2993,wh2_main_skv_clan_skyre,337,1,187,186
6798,433.17047,117.32667999999997,112,239,wh2_main_skv_clan_skyre,337,1,187,186
14508,202.54730000000006,255.10833999999988,112,2993,wh2_main_skv_clan_skyre,337,1,187,186
6798,419.8009899999999,118.09856414794922,113,239,wh2_main_skv_clan_skyre,337,1,187,186
14508,193.18867,246.61758000000003,113,2993,wh2_main_skv_clan_skyre,337,1,187,186
6798,400.4152800000001,143.18486,114,239,wh2_main_skv_clan_skyre,337,1,187,186
14508,187.17241999999993,233.88146999999992,114,2993,wh2_main_skv_clan_skyre,337,1,187,186
6798,397.7413900000001,144.72863999999998,115,239,wh2_main_skv_clan_skyre,337,1,187,186
11254,184.49854000000002,227.70638999999994,115,2993,wh2_main_skv_clan_skyre,337,1,187,186
6798,397.7413900000001,144.72863999999998,116,239,wh2_main_skv_clan_skyre,337,1,187,186
11254,184.49854000000002,227.70638999999994,116,2993,wh2_main_skv_clan_skyre,337,1,187,186
6798,394.39905,145.11457999999996,117,239,wh2_main_skv_clan_skyre,337,1,187,186
11254,184.49854000000002,227.70638999999994,117,2993,wh2_main_skv_clan_skyre,337,1,187,186
6798,397.7413900000001,144.72863999999998,118,239,wh2_main_skv_clan_skyre,337,1,187,186
11254,184.49854000000002,227.70638999999994,118,2993,wh2_main_skv_clan_skyre,337,1,187,186
6798,368.3285800000001,131.60656999999998,119,239,wh2_main_skv_clan_skyre,337,1,187,186
11338,180.48770000000002,208.40924,119,2993,wh2_main_skv_clan_skyre,337,1,187,186
6798,355.62759,123.50177,120,239,wh2_main_skv_clan_skyre,337,1,187,186
11170,180.4877,208.40923999999998,120,2993,wh2_main_skv_clan_skyre,337,1,187,186
6798,356.29608,153.99127,121,239,wh2_main_skv_clan_skyre,337,1,187,186
11170,180.4877,208.40923999999998,121,2993,wh2_main_skv_clan_skyre,337,1,187,186
6798,383.7034599999999,206.09358000000012,122,239,wh2_main_skv_clan_skyre,337,1,187,186
11170,180.4877,208.40923999999998,122,2993,wh2_main_skv_clan_skyre,337,1,187,186
6798,423.1433699999999,246.61758000000003,123,239,wh2_main_skv_clan_skyre,337,1,187,186
2034,312.84534,203.77792,123,478,wh2_main_skv_clan_skyre,337,1,126,125
11170,180.4877,208.40923999999998,123,2993,wh2_main_skv_clan_skyre,337,1,187,186
6798,397.07294,260.12561,124,239,wh2_main_skv_clan_skyre,337,1,187,186
2034,312.84534,203.77792,124,478,wh2_main_skv_clan_skyre,337,1,126,125
11410,162.43892000000002,214.1983799999999,124,2993,wh2_main_skv_clan_skyre,337,1,187,186
6798,401.08377000000013,263.98502,125,239,wh2_main_skv_clan_skyre,337,1,187,186
11049,312.84534,203.77792,125,478,wh2_main_skv_clan_skyre,337,1,126,125
8716,144.39015,210.72490000000008,125,2993,wh2_main_skv_clan_skyre,337,1,187,186
6798,411.11087000000015,275.94927999999993,126,239,wh2_main_skv_clan_skyre,337,1,187,186
23149,305.49213000000003,210.33894,126,478,wh2_main_skv_clan_skyre,337,1,126,125
8680,157.75961000000004,226.93449000000007,126,2993,wh2_main_skv_clan_skyre,337,1,187,186
6798,415.12169999999986,281.3524799999999,127,239,wh2_main_skv_clan_skyre,337,1,187,186
8680,166.44977000000003,238.89872999999994,127,2993,wh2_main_skv_clan_skyre,337,1,187,186
6798,385.04040999999984,267.84444999999994,128,239,wh2_main_skv_clan_skyre,337,1,187,186
8680,174.47143999999992,257.42401,128,2993,wh2_main_skv_clan_skyre,337,1,187,186
6798,375.0133400000002,267.45852999999994,129,239,wh2_main_skv_clan_skyre,337,1,187,186
8680,174.47143999999992,257.42401,129,2993,wh2_main_skv_clan_skyre,337,1,187,186
6798,367.6601300000001,276.3352100000001,130,239,wh2_main_skv_clan_skyre,337,1,187,186
8680,174.47143999999992,257.42401,130,2993,wh2_main_skv_clan_skyre,337,1,187,186
6798,373.67638999999986,294.47454999999997,131,239,wh2_main_skv_clan_skyre,337,1,187,186
8680,174.47143999999992,257.42401,131,2993,wh2_main_skv_clan_skyre,337,1,187,186
6798,391.72516,316.4732700000001,132,239,wh2_main_skv_clan_skyre,337,1,187,186
8728,167.11823999999993,283.28217000000006,132,2993,wh2_main_skv_clan_skyre,337,1,187,186
6798,413.7847600000002,296.0183100000001,133,239,wh2_main_skv_clan_skyre,337,1,187,186
8728,152.41183,292.5448,133,2993,wh2_main_skv_clan_skyre,337,1,187,186
6798,428.49114999999995,307.59662000000003,134,239,wh2_main_skv_clan_skyre,337,1,187,186
8728,173.13448999999994,262.82721000000004,134,2993,wh2_main_skv_clan_skyre,337,1,187,186
6798,431.16504,311.4560199999999,135,239,wh2_main_skv_clan_skyre,337,1,187,186
8728,157.09114,226.54855000000003,135,2993,wh2_main_skv_clan_skyre,337,1,187,186
6798,427.15420999999986,333.06884999999994,136,239,wh2_main_skv_clan_skyre,337,1,187,186
8648,144.39015,210.72490000000008,136,2993,wh2_main_skv_clan_skyre,337,1,187,186
6798,395.7359900000001,314.9295000000001,137,239,wh2_main_skv_clan_skyre,337,1,187,186
8648,137.70543,223.07506999999995,137,2993,wh2_main_skv_clan_skyre,337,1,187,186
6786,413.7847600000002,296.0183100000001,138,239,wh2_main_skv_clan_skyre,337,1,187,186
8408,144.39014999999998,210.72490000000005,138,2993,wh2_main_skv_clan_skyre,337,1,187,186
6786,413.7847600000002,296.0183100000001,139,239,wh2_main_skv_clan_skyre,337,1,187,186
8408,144.39014999999998,210.72490000000005,139,2993,wh2_main_skv_clan_skyre,337,1,187,186
6798,389.7197299999999,327.66564999999997,140,239,wh2_main_skv_clan_skyre,337,1,187,186
8408,144.39014999999998,210.72490000000005,140,2993,wh2_main_skv_clan_skyre,337,1,187,186
6798,373.00789999999984,331.13912999999985,141,239,wh2_main_skv_clan_skyre,337,1,187,186
8488,140.37932,213.04054000000002,141,2993,wh2_main_skv_clan_skyre,337,1,187,186
6798,373.00789999999984,303.3512300000001,142,239,wh2_main_skv_clan_skyre,337,1,187,186
8488,116.9827651977539,210.33894000000004,142,2993,wh2_main_skv_clan_skyre,337,1,187,186
6798,366.3231800000001,306.43875000000014,143,239,wh2_main_skv_clan_skyre,337,1,187,186
8488,144.39015,210.72490000000008,143,2993,wh2_main_skv_clan_skyre,337,1,187,186
6796,373.67638999999986,294.47454999999997,144,239,wh2_main_skv_clan_skyre,337,1,187,186
8488,144.39015,210.72490000000008,144,2993,wh2_main_skv_clan_skyre,337,1,187,186
6796,349.61135999999993,301.42151000000007,145,239,wh2_main_skv_clan_skyre,337,1,187,186
8488,143.72168000000005,211.1108399999999,145,2993,wh2_main_skv_clan_skyre,337,1,187,186
6780,350.9483,323.80620999999996,146,239,wh2_main_skv_clan_skyre,337,1,187,186
8488,143.72168000000005,211.1108399999999,146,2993,wh2_main_skv_clan_skyre,337,1,187,186
6700,350.27981999999986,322.64838,147,239,wh2_main_skv_clan_skyre,337,1,187,186
8488,143.72168000000005,211.1108399999999,147,2993,wh2_main_skv_clan_skyre,337,1,187,186
6940,344.2635799999999,330.75317,148,239,wh2_main_skv_clan_skyre,337,1,187,186
8488,143.72168000000005,211.1108399999999,148,2993,wh2_main_skv_clan_skyre,337,1,187,186
6940,358.3015100000001,345.80496000000016,149,239,wh2_main_skv_clan_skyre,337,1,187,186
8488,143.72168000000005,211.1108399999999,149,2993,wh2_main_skv_clan_skyre,337,1,187,186
6940,348.27441,313.7717000000001,150,239,wh2_main_skv_clan_skyre,337,1,187,186
8488,122.99902000000002,210.72490000000008,150,2993,wh2_main_skv_clan_skyre,337,1,187,186
6940,358.3015100000001,282.5102800000001,151,239,wh2_main_skv_clan_skyre,337,1,187,186
8488,120.32512999999999,213.81244000000007,151,2993,wh2_main_skv_clan_skyre,337,1,187,186
6940,345.60052,262.82721000000004,152,239,wh2_main_skv_clan_skyre,337,1,187,186
8488,144.39015,210.72490000000008,152,2993,wh2_main_skv_clan_skyre,337,1,187,186
6940,345.60052,284.44002999999987,153,239,wh2_main_skv_clan_skyre,337,1,187,186
8488,129.01526999999993,225.00478000000012,153,2993,wh2_main_skv_clan_skyre,337,1,187,186
6940,337.5788300000001,294.47454999999997,154,239,wh2_main_skv_clan_skyre,337,1,187,186
8488,141.04779000000002,213.42648000000003,154,2993,wh2_main_skv_clan_skyre,337,1,187,186
6940,314.18228,313.38573999999994,155,239,wh2_main_skv_clan_skyre,337,1,187,186
8488,141.04779000000002,213.42648000000003,155,2993,wh2_main_skv_clan_skyre,337,1,187,186
6940,318.19311999999996,311.0700699999999,156,239,wh2_main_skv_clan_skyre,337,1,187,186
8488,163.10739000000007,232.33770999999987,156,2993,wh2_main_skv_clan_skyre,337,1,187,186
6940,318.19311999999996,328.0515699999999,157,239,wh2_main_skv_clan_skyre,337,1,187,186
8452,166.44977000000003,238.89872999999994,157,2993,wh2_main_skv_clan_skyre,337,1,187,186
6940,332.89954000000006,354.2956800000001,158,239,wh2_main_skv_clan_skyre,337,1,187,186
8532,175.80837999999997,252.79267999999993,158,2993,wh2_main_skv_clan_skyre,337,1,187,186
6940,332.89954000000006,354.2956800000001,159,239,wh2_main_skv_clan_skyre,337,1,187,186
8532,175.80837999999997,259.73964999999987,159,2993,wh2_main_skv_clan_skyre,337,1,187,186
6940,320.8670000000001,359.69891,160,239,wh2_main_skv_clan_skyre,337,1,187,186
8532,149.06946999999997,217.28591999999995,160,2993,wh2_main_skv_clan_skyre,337,1,187,186
6940,334.23647999999986,379.7679399999999,161,239,wh2_main_skv_clan_skyre,337,1,187,186
8532,193.18867,211.1108399999999,161,2993,wh2_main_skv_clan_skyre,337,1,187,186
6940,362.3123500000001,384.3992600000001,162,239,wh2_main_skv_clan_skyre,337,1,187,186
8532,223.93843000000007,221.9172399999999,162,2993,wh2_main_skv_clan_skyre,337,1,187,186
6940,382.3665199999998,395.9775399999999,163,239,wh2_main_skv_clan_skyre,337,1,187,186
8532,263.3783299999999,223.84695000000005,163,2993,wh2_main_skv_clan_skyre,337,1,187,186
6940,384.3719499999999,387.1008600000002,164,239,wh2_main_skv_clan_skyre,337,1,187,186
8532,274.07391,223.07506999999995,164,2993,wh2_main_skv_clan_skyre,337,1,187,186
6940,417.1271100000002,400.6088600000001,165,239,wh2_main_skv_clan_skyre,337,1,187,186
8532,298.13895000000014,258.58182,165,2993,wh2_main_skv_clan_skyre,337,1,187,186
6940,375.0133400000002,391.73218,166,239,wh2_main_skv_clan_skyre,337,1,187,186
8532,302.14977999999996,270.9320100000001,166,2993,wh2_main_skv_clan_skyre,337,1,187,186
6940,358.3015100000001,409.0996100000001,167,239,wh2_main_skv_clan_skyre,337,1,187,186
8532,303.48671999999993,297.9480299999999,167,2993,wh2_main_skv_clan_skyre,337,1,187,186
6940,354.29064999999997,411.41525,168,239,wh2_main_skv_clan_skyre,337,1,187,186
8532,297.4704600000001,311.4560199999999,168,2993,wh2_main_skv_clan_skyre,337,1,187,186
6940,373.00789999999984,412.18716000000023,169,239,wh2_main_skv_clan_skyre,337,1,187,186
8520,306.16060999999996,319.5608199999999,169,2993,wh2_main_skv_clan_skyre,337,1,187,186
6940,373.67638999999986,414.11687999999975,170,239,wh2_main_skv_clan_skyre,337,1,187,186
8520,298.8073999999999,323.0343300000001,170,2993,wh2_main_skv_clan_skyre,337,1,187,186
6940,354.29064999999997,411.41525,171,239,wh2_main_skv_clan_skyre,337,1,187,186
8520,290.1172500000001,331.9110099999999,171,2993,wh2_main_skv_clan_skyre,337,1,187,186
6940,332.89954000000006,417.59036000000003,172,239,wh2_main_skv_clan_skyre,337,1,187,186
8520,274.74237,334.6126100000001,172,2993,wh2_main_skv_clan_skyre,337,1,187,186
9554,321.5354900000001,397.90726,173,239,wh2_main_skv_clan_skyre,337,1,187,186
8520,256.02515000000005,346.19092,173,2993,wh2_main_skv_clan_skyre,337,1,187,186
9554,344.2635799999999,421.8357500000001,174,239,wh2_main_skv_clan_skyre,337,1,187,186
8520,256.02515000000005,346.19092,174,2993,wh2_main_skv_clan_skyre,337,1,187,186
9554,321.5354900000001,397.90726,175,239,wh2_main_skv_clan_skyre,337,1,187,186
8520,256.02515000000005,346.19092,175,2993,wh2_main_skv_clan_skyre,337,1,187,186
9554,303.48671999999993,393.6619,176,239,wh2_main_skv_clan_skyre,337,1,187,186
8520,256.02515000000005,346.19092,176,2993,wh2_main_skv_clan_skyre,337,1,187,186
9554,303.48671999999993,393.6619,177,239,wh2_main_skv_clan_skyre,337,1,187,186
8520,254.68818999999993,346.96280000000013,177,2993,wh2_main_skv_clan_skyre,337,1,187,186
9554,303.48671999999993,393.6619,178,239,wh2_main_skv_clan_skyre,337,1,187,186
8520,252.68276999999998,370.5053100000002,178,2993,wh2_main_skv_clan_skyre,337,1,187,186
9554,303.48671999999993,393.6619,179,239,wh2_main_skv_clan_skyre,337,1,187,186
8520,256.02515000000005,374.7506999999998,179,2993,wh2_main_skv_clan_skyre,337,1,187,186
9554,288.1118500000001,379.38202,180,239,wh2_main_skv_clan_skyre,337,1,187,186
8520,256.02515000000005,374.7506999999998,180,2993,wh2_main_skv_clan_skyre,337,1,187,186
9554,257.36208999999997,375.5225799999999,181,239,wh2_main_skv_clan_skyre,337,1,187,186
8520,279.42169000000007,363.55832000000004,181,2993,wh2_main_skv_clan_skyre,337,1,187,186
9554,270.7315399999999,355.4535500000001,182,239,wh2_main_skv_clan_skyre,337,1,187,186
8520,282.76407000000006,360.85675,182,2993,wh2_main_skv_clan_skyre,337,1,187,186
9554,302.8182399999999,347.73467999999986,183,239,wh2_main_skv_clan_skyre,337,1,187,186
8520,280.75864,345.03305,183,2993,wh2_main_skv_clan_skyre,337,1,187,186
9554,342.2581499999999,334.9985399999999,184,239,wh2_main_skv_clan_skyre,337,1,187,186
8520,273.4054299999999,337.70016000000004,184,2993,wh2_main_skv_clan_skyre,337,1,187,186
9554,358.3015100000001,345.80496000000016,185,239,wh2_main_skv_clan_skyre,337,1,187,186
8520,256.02515000000005,344.64713000000006,185,2993,wh2_main_skv_clan_skyre,337,1,187,186
9554,389.05127,336.5423300000001,186,239,wh2_main_skv_clan_skyre,337,1,187,186
8520,261.3729199999999,374.7506999999998,186,2993,wh2_main_skv_clan_skyre,337,1,187,186
9554,343.5950899999999,350.43627999999995,187,239,wh2_main_skv_clan_skyre,337,1,187,186
8520,282.76407000000006,365.4880700000001,187,2993,wh2_main_skv_clan_skyre,337,1,187,186
1844,292.12268,211.11084,135,517,wh2_main_skv_clan_skyre,337,6,187,181
5714,292.12268,211.11084000000002,136,517,wh2_main_skv_clan_skyre,337,6,187,181
5798,292.12268,211.11084000000002,137,517,wh2_main_skv_clan_skyre,337,6,187,181
5882,292.12268,211.11083999999997,138,517,wh2_main_skv_clan_skyre,337,6,187,181
5930,292.12268,211.11083999999994,139,517,wh2_main_skv_clan_skyre,337,6,187,181
5978,292.12268000000006,211.11083999999994,140,517,wh2_main_skv_clan_skyre,337,6,187,181
5982,304.8236699999999,214.58432,141,517,wh2_main_skv_clan_skyre,337,6,187,181
5982,330.22565000000003,213.04054000000002,142,517,wh2_main_skv_clan_skyre,337,6,187,181
5982,360.30692,225.00478000000012,143,517,wh2_main_skv_clan_skyre,337,6,187,181
5982,369.6655300000001,253.5645599999999,144,517,wh2_main_skv_clan_skyre,337,6,187,181
5982,373.67638999999986,294.47454999999997,145,517,wh2_main_skv_clan_skyre,337,6,187,181
5982,398.4098800000001,325.73589999999996,146,517,wh2_main_skv_clan_skyre,337,6,187,181
6138,415.7901600000002,348.8924900000001,147,517,wh2_main_skv_clan_skyre,337,6,187,181
6138,390.38821,341.17364999999995,148,517,wh2_main_skv_clan_skyre,337,6,187,181
6138,387.71428999999995,341.17364999999995,149,517,wh2_main_skv_clan_skyre,337,6,187,181
6138,415.12169999999986,348.50655999999987,150,517,wh2_main_skv_clan_skyre,337,6,187,181
6138,417.1271100000002,348.12061,151,517,wh2_main_skv_clan_skyre,337,6,187,181
6138,431.83353,364.3302299999998,152,517,wh2_main_skv_clan_skyre,337,6,187,181
6138,454.56160999999986,359.69891,153,517,wh2_main_skv_clan_skyre,337,6,187,181
6138,461.24633999999986,330.36722000000003,154,517,wh2_main_skv_clan_skyre,337,6,187,181
6138,459.90939,333.45477000000005,155,517,wh2_main_skv_clan_skyre,337,6,187,181
6138,458.57244999999983,309.5263100000001,156,517,wh2_main_skv_clan_skyre,337,6,187,181
6138,443.1975700000001,292.9307600000001,157,517,wh2_main_skv_clan_skyre,337,6,187,181
6138,436.51284999999996,289.84323000000006,158,517,wh2_main_skv_clan_skyre,337,6,187,181
6138,431.83353,287.91348000000005,159,517,wh2_main_skv_clan_skyre,337,6,187,181
6138,447.87686000000014,274.01956,160,517,wh2_main_skv_clan_skyre,337,6,187,181
6138,462.58328,236.96902,161,517,wh2_main_skv_clan_skyre,337,6,187,181
6138,479.2951,219.60158,162,517,wh2_main_skv_clan_skyre,337,6,187,181
6138,487.31677,223.46101,163,517,wh2_main_skv_clan_skyre,337,6,187,181
6138,508.70792,231.9517500000001,164,517,wh2_main_skv_clan_skyre,337,6,187,181
6138,524.08276,233.88146999999995,165,517,wh2_main_skv_clan_skyre,337,6,187,181
6138,530.0990600000002,242.75816,166,517,wh2_main_skv_clan_skyre,337,6,187,181
6138,533.44141,258.58182,167,517,wh2_main_skv_clan_skyre,337,6,187,181
6138,536.1153,271.7038899999999,168,517,wh2_main_skv_clan_skyre,337,6,187,181
6058,532.1044899999999,287.91348000000005,169,517,wh2_main_skv_clan_skyre,337,6,187,181
6058,539.45764,309.91226,170,517,wh2_main_skv_clan_skyre,337,6,187,181
6058,544.1369599999999,306.43875000000014,171,517,wh2_main_skv_clan_skyre,337,6,187,181
7088,541.4630699999999,330.36722000000003,172,517,wh2_main_skv_clan_skyre,337,6,187,181
8841,540.1261599999999,344.2611699999999,173,517,wh2_main_skv_clan_skyre,337,6,187,181
8841,513.3872100000001,346.57683999999995,174,517,wh2_main_skv_clan_skyre,337,6,187,181
8841,487.98526000000004,344.2611699999999,175,517,wh2_main_skv_clan_skyre,337,6,187,181
8841,466.59411999999986,357.38324000000006,176,517,wh2_main_skv_clan_skyre,337,6,187,181
8841,466.59411999999986,357.38324000000006,177,517,wh2_main_skv_clan_skyre,337,6,187,181
8841,457.9039599999998,343.8752400000001,178,517,wh2_main_skv_clan_skyre,337,6,187,181
8841,457.9039599999998,343.8752400000001,179,517,wh2_main_skv_clan_skyre,337,6,187,181
8841,443.1975700000001,313.7717000000001,180,517,wh2_main_skv_clan_skyre,337,6,187,181
8841,440.5236800000001,332.29697000000004,181,517,wh2_main_skv_clan_skyre,337,6,187,181
8841,462.58328,363.55832000000004,182,517,wh2_main_skv_clan_skyre,337,6,187,181
8841,471.94188999999994,389.0305799999999,183,517,wh2_main_skv_clan_skyre,337,6,187,181
8761,475.28427,395.5916100000002,184,517,wh2_main_skv_clan_skyre,337,6,187,181
8761,460.57784999999984,420.2919600000002,185,517,wh2_main_skv_clan_skyre,337,6,187,181
8761,452.55617999999976,445.76421999999997,186,517,wh2_main_skv_clan_skyre,337,6,187,181
1844,419.80099,118.09856414794922,186,2874,wh2_main_skv_clan_skyre,337,6,187,181
8761,446.5399200000001,470.85049,187,517,wh2_main_skv_clan_skyre,337,6,187,181
2568,419.80099000000007,118.09856414794922,187,2874,wh2_main_skv_clan_skyre,337,6,187,181
1844,144.39015,210.7249,145,2911,wh2_main_skv_clan_skyre,337,9,187,178
1908,144.39015,210.7249,146,2911,wh2_main_skv_clan_skyre,337,9,187,178
2036,144.39014999999998,210.72490000000002,147,2911,wh2_main_skv_clan_skyre,337,9,187,178
2036,144.39014999999998,210.72490000000002,148,2911,wh2_main_skv_clan_skyre,337,9,187,178
2036,144.39014999999998,210.72490000000002,149,2911,wh2_main_skv_clan_skyre,337,9,187,178
2116,124.26253509521484,211.11171000000002,150,2911,wh2_main_skv_clan_skyre,337,9,187,178
2116,108.29261999999996,211.49677999999997,151,2911,wh2_main_skv_clan_skyre,337,9,187,178
2116,137.70543,206.86546,152,2911,wh2_main_skv_clan_skyre,337,9,187,178
2116,140.37932,216.12809999999993,153,2911,wh2_main_skv_clan_skyre,337,9,187,178
2116,142.38474,212.65459999999996,154,2911,wh2_main_skv_clan_skyre,337,9,187,178
2116,142.38474,212.65459999999996,155,2911,wh2_main_skv_clan_skyre,337,9,187,178
2116,160.43350000000004,229.25014999999996,156,2911,wh2_main_skv_clan_skyre,337,9,187,178
2116,167.11823999999993,237.74091000000004,157,2911,wh2_main_skv_clan_skyre,337,9,187,178
2276,173.80296,256.26616999999993,158,2911,wh2_main_skv_clan_skyre,337,9,187,178
8240,243.65838999999986,230.60096499999997,159,2911,wh2_main_skv_clan_skyre,337,9,187,178
8264,228.6177500000001,216.51403500000006,160,2911,wh2_main_skv_clan_skyre,337,9,187,178
15524,240.98449500000015,208.602205,161,2911,wh2_main_skv_clan_skyre,337,9,187,178
16004,258.36479500000024,214.77728999999985,162,2911,wh2_main_skv_clan_skyre,337,9,187,178
16164,270.7315400000003,218.05780999999982,163,2911,wh2_main_skv_clan_skyre,337,9,187,178
16412,289.114545,217.8648349999998,164,2911,wh2_main_skv_clan_skyre,337,9,187,178
16444,297.47045500000024,226.9344999999998,165,2911,wh2_main_skv_clan_skyre,337,9,187,178
16604,304.48942499999976,254.14348999999984,166,2911,wh2_main_skv_clan_skyre,337,9,187,178
16604,317.19041500000037,239.86358999999985,167,2911,wh2_main_skv_clan_skyre,337,9,187,178
16604,325.2120799999997,225.96964500000013,168,2911,wh2_main_skv_clan_skyre,337,9,187,178
16604,313.17957,220.9523749999998,169,2911,wh2_main_skv_clan_skyre,337,9,187,178
16604,314.1822800000006,239.6706249999997,170,2911,wh2_main_skv_clan_skyre,337,9,187,178
16604,310.17145000000016,248.1613700000002,171,2911,wh2_main_skv_clan_skyre,337,9,187,178
16604,325.5463250000002,235.4252449999996,172,2911,wh2_main_skv_clan_skyre,337,9,187,178
16604,315.85347000000064,237.93386999999993,173,2911,wh2_main_skv_clan_skyre,337,9,187,178
16604,310.17144499999995,200.6903749999998,174,2911,wh2_main_skv_clan_skyre,337,9,187,178
16604,308.83448999999973,206.09357499999993,175,2911,wh2_main_skv_clan_skyre,337,9,187,178
16604,309.1687300000001,210.53193000000005,176,2911,wh2_main_skv_clan_skyre,337,9,187,178
16604,301.4812899999997,211.49677999999994,177,2911,wh2_main_skv_clan_skyre,337,9,187,178
16604,310.83992000000006,218.82969500000019,178,2911,wh2_main_skv_clan_skyre,337,9,187,178
16604,324.54361000000046,218.63673499999982,179,2911,wh2_main_skv_clan_skyre,337,9,187,178
16604,333.9022349999999,225.5837100000002,180,2911,wh2_main_skv_clan_skyre,337,9,187,178
16604,342.59238000000005,215.93511999999987,181,2911,wh2_main_skv_clan_skyre,337,9,187,178
16604,343.5950950000005,209.9530149999999,182,2911,wh2_main_skv_clan_skyre,337,9,187,178
16604,372.67366000000027,205.90061499999956,183,2911,wh2_main_skv_clan_skyre,337,9,187,178
16604,387.0458350000006,213.04055,184,2911,wh2_main_skv_clan_skyre,337,9,187,178
16604,388.0485549999996,221.7242750000001,185,2911,wh2_main_skv_clan_skyre,337,9,187,178
16604,392.0593900000006,232.53066999999987,186,2911,wh2_main_skv_clan_skyre,337,9,187,178
16604,400.74954499999967,239.47764499999977,187,2911,wh2_main_skv_clan_skyre,337,9,187,178
1960,291.45419,209.953,19,2866,wh2_main_skv_clan_skyre,337,19,187,168
4120,304.15518000000003,197.21688999999998,20,2866,wh2_main_skv_clan_skyre,337,19,187,168
4120,326.21477999999996,171.3587,21,2866,wh2_main_skv_clan_skyre,337,19,187,168
4120,330.8941,171.74464000000003,22,2866,wh2_main_skv_clan_skyre,337,19,187,168
4120,343.5950900000001,180.62133999999998,23,2866,wh2_main_skv_clan_skyre,337,19,187,168
2410,354.29064999999997,193.74339,24,2866,wh2_main_skv_clan_skyre,337,19,187,168
2490,362.31235000000004,204.5498,25,2866,wh2_main_skv_clan_skyre,337,19,187,168
2490,366.3231799999999,190.65584999999996,26,2866,wh2_main_skv_clan_skyre,337,19,187,168
2490,356.96454,210.72489999999996,27,2866,wh2_main_skv_clan_skyre,337,19,187,168
2490,342.25815000000006,206.86546,28,2866,wh2_main_skv_clan_skyre,337,19,187,168
2490,342.25815000000006,206.86546,29,2866,wh2_main_skv_clan_skyre,337,19,187,168
2940,331.56259,223.07507,30,2866,wh2_main_skv_clan_skyre,337,19,187,168
2940,350.9483,216.51404,31,2866,wh2_main_skv_clan_skyre,337,19,187,168
2940,367.66013000000004,230.02205,32,2866,wh2_main_skv_clan_skyre,337,19,187,168
2940,385.70888999999994,238.12685000000008,33,2866,wh2_main_skv_clan_skyre,337,19,187,168
2940,399.07834,245.07382000000004,34,2866,wh2_main_skv_clan_skyre,337,19,187,168
2940,413.78476,259.73965,35,2866,wh2_main_skv_clan_skyre,337,19,187,168
2940,429.1596399999999,269.38824000000005,36,2866,wh2_main_skv_clan_skyre,337,19,187,168
3340,446.5399200000001,265.5288099999999,37,2866,wh2_main_skv_clan_skyre,337,19,187,168
3340,427.82269,260.12561,38,2866,wh2_main_skv_clan_skyre,337,19,187,168
3340,425.1488,250.86295999999996,39,2866,wh2_main_skv_clan_skyre,337,19,187,168
4114,411.77933000000013,236.96902,40,2866,wh2_main_skv_clan_skyre,337,19,187,168
4114,399.07834,225.7766700000001,41,2866,wh2_main_skv_clan_skyre,337,19,187,168
4024,411.11087000000015,203.39197000000004,42,2866,wh2_main_skv_clan_skyre,337,19,187,168
5810,406.43155000000013,198.37471000000002,43,2866,wh2_main_skv_clan_skyre,337,19,187,168
5810,405.0946000000001,197.60282999999993,44,2866,wh2_main_skv_clan_skyre,337,19,187,168
5810,400.4152800000001,198.76065000000006,45,2866,wh2_main_skv_clan_skyre,337,19,187,168
5810,419.1325399999998,203.39197000000004,46,2866,wh2_main_skv_clan_skyre,337,19,187,168
5810,413.11627000000016,186.02453999999994,47,2866,wh2_main_skv_clan_skyre,337,19,187,168
5810,421.8064299999998,201.84821000000005,48,2866,wh2_main_skv_clan_skyre,337,19,187,168
5810,447.2083999999998,207.25140000000005,49,2866,wh2_main_skv_clan_skyre,337,19,187,168
5810,465.25717000000003,201.46227,50,2866,wh2_main_skv_clan_skyre,337,19,187,168
5720,473.2788400000001,198.37471000000002,51,2866,wh2_main_skv_clan_skyre,337,19,187,168
7612,480.63205000000005,181.00727999999992,52,2866,wh2_main_skv_clan_skyre,337,19,187,168
7612,482.63748,179.07756000000006,53,2866,wh2_main_skv_clan_skyre,337,19,187,168
7612,501.3547099999998,182.16512000000006,54,2866,wh2_main_skv_clan_skyre,337,19,187,168
7612,500.01776,178.30567999999997,55,2866,wh2_main_skv_clan_skyre,337,19,187,168
7612,518.06653,174.83217999999994,56,2866,wh2_main_skv_clan_skyre,337,19,187,168
7612,519.4035000000001,173.28841999999997,57,2866,wh2_main_skv_clan_skyre,337,19,187,168
7612,513.3872100000001,191.42772999999994,58,2866,wh2_main_skv_clan_skyre,337,19,187,168
7612,514.7241799999999,203.00603,59,2866,wh2_main_skv_clan_skyre,337,19,187,168
7612,495.3384399999997,202.62008999999995,60,2866,wh2_main_skv_clan_skyre,337,19,187,168
7612,489.32219999999995,208.40924,61,2866,wh2_main_skv_clan_skyre,337,19,187,168
7612,506.03403,212.65459999999993,62,2866,wh2_main_skv_clan_skyre,337,19,187,168
7612,520.74042,194.90122999999997,63,2866,wh2_main_skv_clan_skyre,337,19,187,168
7612,550.1532599999998,203.39197000000004,64,2866,wh2_main_skv_clan_skyre,337,19,187,168
7666,565.5281400000001,209.95300000000003,65,2866,wh2_main_skv_clan_skyre,337,19,187,168
7666,578.2291299999999,199.53254999999993,66,2866,wh2_main_skv_clan_skyre,337,19,187,168
7666,593.6039999999999,188.34018999999995,67,2866,wh2_main_skv_clan_skyre,337,19,187,168
7562,598.9517799999999,189.88396999999995,68,2866,wh2_main_skv_clan_skyre,337,19,187,168
7562,592.93549,208.79518000000002,69,2866,wh2_main_skv_clan_skyre,337,19,187,168
7562,613.6581399999998,205.3216899999999,70,2866,wh2_main_skv_clan_skyre,337,19,187,168
7562,606.9734499999997,196.05904999999996,71,2866,wh2_main_skv_clan_skyre,337,19,187,168
7562,603.6310400000001,184.0948199999999,72,2866,wh2_main_skv_clan_skyre,337,19,187,168
7562,584.9138199999999,192.58557000000008,73,2866,wh2_main_skv_clan_skyre,337,19,187,168
7562,585.5822800000001,203.77792,74,2866,wh2_main_skv_clan_skyre,337,19,187,168
7562,566.8650500000001,209.1811200000001,75,2866,wh2_main_skv_clan_skyre,337,19,187,168
7562,575.55518,225.00478000000012,76,2866,wh2_main_skv_clan_skyre,337,19,187,168
7562,580.9030199999999,222.68912,77,2866,wh2_main_skv_clan_skyre,337,19,187,168
7562,578.2291299999999,200.30443000000005,78,2866,wh2_main_skv_clan_skyre,337,19,187,168
7562,578.8975800000001,177.53380000000004,79,2866,wh2_main_skv_clan_skyre,337,19,187,168
7562,572.88129,164.02579000000003,80,2866,wh2_main_skv_clan_skyre,337,19,187,168
7562,553.49561,175.99002000000007,81,2866,wh2_main_skv_clan_skyre,337,19,187,168
7562,548.8162799999998,171.74463999999995,82,2866,wh2_main_skv_clan_skyre,337,19,187,168
7562,560.1803600000001,151.28967000000006,83,2866,wh2_main_skv_clan_skyre,337,19,187,168
7562,568.8704799999998,135.46599999999995,84,2866,wh2_main_skv_clan_skyre,337,19,187,168
7562,550.1532599999998,120.80015999999996,85,2866,wh2_main_skv_clan_skyre,337,19,187,168
7562,544.1369599999999,106.52027000000001,86,2866,wh2_main_skv_clan_skyre,337,19,187,168
7562,540.79462,72.17134000000001,87,2866,wh2_main_skv_clan_skyre,337,19,187,168
7562,528.09363,93.39821000000003,88,2866,wh2_main_skv_clan_skyre,337,19,187,168
7562,519.4035000000001,99.95923999999997,89,2866,wh2_main_skv_clan_skyre,337,19,187,168
7562,496.67538,96.09980999999998,90,2866,wh2_main_skv_clan_skyre,337,19,187,168
7562,480.63205000000005,96.87169999999998,91,2866,wh2_main_skv_clan_skyre,337,19,187,168
7562,498.01236,90.69660999999998,92,2866,wh2_main_skv_clan_skyre,337,19,187,168
8720,511.38181000000003,91.46849999999998,93,2866,wh2_main_skv_clan_skyre,337,19,187,168
8720,538.7891799999999,98.02952575683594,94,2866,wh2_main_skv_clan_skyre,337,19,187,168
8720,542.13153,129.29091,95,2866,wh2_main_skv_clan_skyre,337,19,187,168
8720,522.0773900000002,137.78166000000004,96,2866,wh2_main_skv_clan_skyre,337,19,187,168
8720,522.74585,148.97400999999996,97,2866,wh2_main_skv_clan_skyre,337,19,187,168
8720,506.70248000000004,152.06154999999995,98,2866,wh2_main_skv_clan_skyre,337,19,187,168
8934,496.0069299999997,157.46475000000004,99,2866,wh2_main_skv_clan_skyre,337,19,187,168
21924,459.24090499999977,326.1218550000002,100,2866,wh2_main_skv_clan_skyre,337,19,187,168
22044,447.87687500000027,326.50780499999985,101,2866,wh2_main_skv_clan_skyre,337,19,187,168
22644,439.52096499999936,329.0164300000001,102,2866,wh2_main_skv_clan_skyre,337,19,187,168
22804,429.1596199999995,333.45478000000014,103,2866,wh2_main_skv_clan_skyre,337,19,187,168
22932,443.1975549999997,334.2266600000007,104,2866,wh2_main_skv_clan_skyre,337,19,187,168
23296,443.5318000000007,317.82409000000035,105,2866,wh2_main_skv_clan_skyre,337,19,187,168
23296,450.2165199999991,308.5614550000007,106,2866,wh2_main_skv_clan_skyre,337,19,187,168
23596,452.22194000000036,302.38637,107,2866,wh2_main_skv_clan_skyre,337,19,187,168
27514,446.20569000000046,289.26430500000004,108,2866,wh2_main_skv_clan_skyre,337,19,187,168
8934,494.00150000000014,97.64358520507812,109,2866,wh2_main_skv_clan_skyre,337,19,187,168
8934,471.2734400000001,95.32792999999997,110,2866,wh2_main_skv_clan_skyre,337,19,187,168
8934,450.55075000000016,104.97650000000002,111,2866,wh2_main_skv_clan_skyre,337,19,187,168
8934,431.83353,117.32667999999997,112,2866,wh2_main_skv_clan_skyre,337,19,187,168
8934,428.49114999999995,103.04677999999994,113,2866,wh2_main_skv_clan_skyre,337,19,187,168
8934,437.8497900000001,93.01226999999997,114,2866,wh2_main_skv_clan_skyre,337,19,187,168
8934,441.19214,125.81743000000003,115,2866,wh2_main_skv_clan_skyre,337,19,187,168
8934,441.19214,143.5708,116,2866,wh2_main_skv_clan_skyre,337,19,187,168
8934,439.8551900000001,142.02703999999997,117,2866,wh2_main_skv_clan_skyre,337,19,187,168
8934,439.8551900000001,142.02703999999997,118,2866,wh2_main_skv_clan_skyre,337,19,187,168
8934,417.7955899999999,137.78166000000004,119,2866,wh2_main_skv_clan_skyre,337,19,187,168
8934,411.77933000000013,159.78040999999996,120,2866,wh2_main_skv_clan_skyre,337,19,187,168
8934,392.3936199999999,170.97276000000005,121,2866,wh2_main_skv_clan_skyre,337,19,187,168
6602,373.67638999999986,185.63860000000008,122,2866,wh2_main_skv_clan_skyre,337,19,187,168
6602,401.08377000000013,231.56581,123,2866,wh2_main_skv_clan_skyre,337,19,187,168
6602,371.67096000000015,255.49427999999995,124,2866,wh2_main_skv_clan_skyre,337,19,187,168
6602,397.7413900000001,262.0553300000001,125,2866,wh2_main_skv_clan_skyre,337,19,187,168
6602,411.77933000000013,277.1070900000001,126,2866,wh2_main_skv_clan_skyre,337,19,187,168
6602,413.11627000000016,283.28217000000006,127,2866,wh2_main_skv_clan_skyre,337,19,187,168
6602,391.05667,271.31796,128,2866,wh2_main_skv_clan_skyre,337,19,187,168
6602,377.0187399999998,267.84444999999994,129,2866,wh2_main_skv_clan_skyre,337,19,187,168
6602,369.6655300000001,276.72116,130,2866,wh2_main_skv_clan_skyre,337,19,187,168
6602,395.06750000000005,289.84323000000006,131,2866,wh2_main_skv_clan_skyre,337,19,187,168
6602,392.3936199999999,313.7717000000001,132,2866,wh2_main_skv_clan_skyre,337,19,187,168
6602,410.44238000000024,299.49179,133,2866,wh2_main_skv_clan_skyre,337,19,187,168
6602,407.1000400000001,315.3154599999999,134,2866,wh2_main_skv_clan_skyre,337,19,187,168
6602,413.7847600000002,317.63112999999987,135,2866,wh2_main_skv_clan_skyre,337,19,187,168
6602,439.18674,338.4720500000001,136,2866,wh2_main_skv_clan_skyre,337,19,187,168
6602,457.9039599999998,343.8752400000001,137,2866,wh2_main_skv_clan_skyre,337,19,187,168
6602,461.91479,353.9097600000002,138,2866,wh2_main_skv_clan_skyre,337,19,187,168
6602,443.86603,365.10210999999987,139,2866,wh2_main_skv_clan_skyre,337,19,187,168
6602,431.83353,364.3302299999998,140,2866,wh2_main_skv_clan_skyre,337,19,187,168
6602,455.8985599999998,378.22415,141,2866,wh2_main_skv_clan_skyre,337,19,187,168
6602,459.90939,380.5398299999999,142,2866,wh2_main_skv_clan_skyre,337,19,187,168
6602,475.28427,395.5916100000002,143,2866,wh2_main_skv_clan_skyre,337,19,187,168
6602,437.1793200000001,368.17116999999985,144,2866,wh2_main_skv_clan_skyre,337,19,187,168
6602,417.1271100000002,349.6643700000002,145,2866,wh2_main_skv_clan_skyre,337,19,187,168
6602,404.42612,358.54108,146,2866,wh2_main_skv_clan_skyre,337,19,187,168
6362,417.12711000000013,348.12061,147,2866,wh2_main_skv_clan_skyre,337,19,187,168
6632,391.05667,343.8752400000001,148,2866,wh2_main_skv_clan_skyre,337,19,187,168
7646,386.37734999999986,343.4892899999998,149,2866,wh2_main_skv_clan_skyre,337,19,187,168
13594,417.1271100000002,348.12061,150,2866,wh2_main_skv_clan_skyre,337,19,187,168
13594,404.42612,358.54108,151,2866,wh2_main_skv_clan_skyre,337,19,187,168
13594,429.82809,363.17238999999995,152,2866,wh2_main_skv_clan_skyre,337,19,187,168
13594,456.56702000000024,356.99730999999997,153,2866,wh2_main_skv_clan_skyre,337,19,187,168
13594,461.91479,331.52509000000003,154,2866,wh2_main_skv_clan_skyre,337,19,187,168
13594,459.24091000000027,326.1218600000001,155,2866,wh2_main_skv_clan_skyre,337,19,187,168
13594,473.2788400000001,313.38573999999994,156,2866,wh2_main_skv_clan_skyre,337,19,187,168
13594,494.00150000000014,308.36849999999987,157,2866,wh2_main_skv_clan_skyre,337,19,187,168
13594,516.7296100000001,308.36849999999987,158,2866,wh2_main_skv_clan_skyre,337,19,187,168
10900,521.40887,307.98254,159,2866,wh2_main_skv_clan_skyre,337,19,187,168
10900,518.06653,294.47454999999997,160,2866,wh2_main_skv_clan_skyre,337,19,187,168
11393,532.7729500000003,292.1588700000001,161,2866,wh2_main_skv_clan_skyre,337,19,187,168
11393,536.1153,301.80742999999995,162,2866,wh2_main_skv_clan_skyre,337,19,187,168
2464,291.45419,209.953,169,2866,wh2_main_skv_clan_skyre,337,19,187,168
7117,291.45419,209.953,170,2866,wh2_main_skv_clan_skyre,337,19,187,168
7229,291.45419,209.953,171,2866,wh2_main_skv_clan_skyre,337,19,187,168
7305,291.45419,209.953,172,2866,wh2_main_skv_clan_skyre,337,19,187,168
7359,291.45419000000004,209.953,173,2866,wh2_main_skv_clan_skyre,337,19,187,168
7365,280.75864,243.91599000000005,174,2866,wh2_main_skv_clan_skyre,337,19,187,168
7365,265.38376,280.5806000000001,175,2866,wh2_main_skv_clan_skyre,337,19,187,168
7365,265.38376,289.84323000000006,176,2866,wh2_main_skv_clan_skyre,337,19,187,168
7365,245.99805000000006,299.49179,177,2866,wh2_main_skv_clan_skyre,337,19,187,168
7365,265.38376,315.3154599999999,178,2866,wh2_main_skv_clan_skyre,337,19,187,168
7365,290.1172500000001,314.15762,179,2866,wh2_main_skv_clan_skyre,337,19,187,168
7365,297.4704600000001,311.4560199999999,180,2866,wh2_main_skv_clan_skyre,337,19,187,168
7365,312.84533999999996,329.59533999999996,181,2866,wh2_main_skv_clan_skyre,337,19,187,168
7365,312.84533999999996,352.7519199999999,182,2866,wh2_main_skv_clan_skyre,337,19,187,168
7365,332.89954000000006,339.62985000000003,183,2866,wh2_main_skv_clan_skyre,337,19,187,168
7365,346.9374699999999,334.6126100000001,184,2866,wh2_main_skv_clan_skyre,337,19,187,168
7365,333.56798999999984,352.366,185,2866,wh2_main_skv_clan_skyre,337,19,187,168
7365,348.9428699999999,372.8209500000001,186,2866,wh2_main_skv_clan_skyre,337,19,187,168
7365,364.9862400000001,387.48679,187,2866,wh2_main_skv_clan_skyre,337,19,187,168
1844,291.45419,209.953,112,107,wh2_main_skv_clan_skyre,337,20,187,167
5474,291.45419,209.953,113,107,wh2_main_skv_clan_skyre,337,20,187,167
5474,291.45419,209.953,114,107,wh2_main_skv_clan_skyre,337,20,187,167
5770,291.45419,209.953,115,107,wh2_main_skv_clan_skyre,337,20,187,167
5798,291.45419,209.953,116,107,wh2_main_skv_clan_skyre,337,20,187,167
5886,291.45419,209.953,117,107,wh2_main_skv_clan_skyre,337,20,187,167
5902,291.45419,209.953,118,107,wh2_main_skv_clan_skyre,337,20,187,167
5982,306.8290699999999,191.04179000000008,119,107,wh2_main_skv_clan_skyre,337,20,187,167
5982,320.19855,154.76314999999994,120,107,wh2_main_skv_clan_skyre,337,20,187,167
5982,355.62759,152.06154999999995,121,107,wh2_main_skv_clan_skyre,337,20,187,167
8314,373.00789999999984,184.48075999999995,122,107,wh2_main_skv_clan_skyre,337,20,187,167
7124,338.24731,155.92097,123,107,wh2_main_skv_clan_skyre,337,20,187,167
7124,317.52466,178.69162000000003,124,107,wh2_main_skv_clan_skyre,337,20,187,167
7124,291.45419,202.23415,125,107,wh2_main_skv_clan_skyre,337,20,187,167
7124,291.45419,209.953,126,107,wh2_main_skv_clan_skyre,337,20,187,167
28239,291.45419,209.953,127,107,wh2_main_skv_clan_skyre,337,20,187,167
28383,291.45419,209.953,128,107,wh2_main_skv_clan_skyre,337,20,187,167
28383,291.45419,209.953,129,107,wh2_main_skv_clan_skyre,337,20,187,167
28443,311.50839,192.19963000000004,130,107,wh2_main_skv_clan_skyre,337,20,187,167
28443,322.87244000000004,151.67561000000006,131,107,wh2_main_skv_clan_skyre,337,20,187,167
28443,322.87244000000004,151.67561000000006,132,107,wh2_main_skv_clan_skyre,337,20,187,167
28443,352.9537,131.22062999999997,133,107,wh2_main_skv_clan_skyre,337,20,187,167
28443,352.9537,131.22062999999997,134,107,wh2_main_skv_clan_skyre,337,20,187,167
28443,365.28064,138.61552,135,107,wh2_main_skv_clan_skyre,337,20,187,167
28443,355.62759,123.50177,136,107,wh2_main_skv_clan_skyre,337,20,187,167
28443,352.28524999999996,132.37845,137,107,wh2_main_skv_clan_skyre,337,20,187,167
28443,350.9483,118.48450469970703,138,107,wh2_main_skv_clan_skyre,337,20,187,167
28443,366.3231800000001,103.43273000000002,139,107,wh2_main_skv_clan_skyre,337,20,187,167
28443,376.3502799999999,99.95923999999997,140,107,wh2_main_skv_clan_skyre,337,20,187,167
28443,360.97540000000004,115.78290557861328,141,107,wh2_main_skv_clan_skyre,337,20,187,167
28443,373.67638999999986,132.37845,142,107,wh2_main_skv_clan_skyre,337,20,187,167
28443,395.7359900000001,116.55479431152344,143,107,wh2_main_skv_clan_skyre,337,20,187,167
28443,419.8009899999999,118.09856414794922,144,107,wh2_main_skv_clan_skyre,337,20,187,167
28443,412.44780999999983,98.41546999999997,145,107,wh2_main_skv_clan_skyre,337,20,187,167
28443,405.0946000000001,77.96048999999996,146,107,wh2_main_skv_clan_skyre,337,20,187,167
28443,405.0946000000001,77.96048999999996,147,107,wh2_main_skv_clan_skyre,337,20,187,167
28443,393.06210000000004,65.61031000000001,148,107,wh2_main_skv_clan_skyre,337,20,187,167
25904,388.38277999999997,64.45248413085938,149,107,wh2_main_skv_clan_skyre,337,20,187,167
25904,388.38277999999997,64.45248413085938,150,107,wh2_main_skv_clan_skyre,337,20,187,167
25904,377.68722999999983,94.55603999999997,151,107,wh2_main_skv_clan_skyre,337,20,187,167
25904,359.63846000000007,113.46724999999999,152,107,wh2_main_skv_clan_skyre,337,20,187,167
25904,352.9537,132.7644,153,107,wh2_main_skv_clan_skyre,337,20,187,167
25904,369.6655300000001,173.28841999999997,154,107,wh2_main_skv_clan_skyre,337,20,187,167
25904,388.38277999999997,212.65459999999993,155,107,wh2_main_skv_clan_skyre,337,20,187,167
25904,411.77933000000013,252.40673999999999,156,107,wh2_main_skv_clan_skyre,337,20,187,167
25904,377.0187399999998,251.63486000000006,157,107,wh2_main_skv_clan_skyre,337,20,187,167
25904,345.60052,252.79267999999993,158,107,wh2_main_skv_clan_skyre,337,20,187,167
25904,325.54633000000007,253.5645599999999,159,107,wh2_main_skv_clan_skyre,337,20,187,167
13704,328.22021000000007,262.82721,160,107,wh2_main_skv_clan_skyre,337,20,187,167
13704,325.54633000000007,264.37097,161,107,wh2_main_skv_clan_skyre,337,20,187,167
13864,325.54633000000007,264.37097,162,107,wh2_main_skv_clan_skyre,337,20,187,167
14024,325.54633000000007,264.37097,163,107,wh2_main_skv_clan_skyre,337,20,187,167
14104,325.54633000000007,264.37097,164,107,wh2_main_skv_clan_skyre,337,20,187,167
14104,325.54633000000007,264.37097,165,107,wh2_main_skv_clan_skyre,337,20,187,167
14104,325.54633000000007,264.37097,166,107,wh2_main_skv_clan_skyre,337,20,187,167
14104,325.54633000000007,264.37097,167,107,wh2_main_skv_clan_skyre,337,20,187,167
12022,333.56798999999984,273.6336099999999,168,107,wh2_main_skv_clan_skyre,337,20,187,167
11986,318.19311999999996,290.2291599999999,169,107,wh2_main_skv_clan_skyre,337,20,187,167
11986,303.48671999999993,297.94802999999996,170,107,wh2_main_skv_clan_skyre,337,20,187,167
12046,298.8073999999999,282.1243599999999,171,107,wh2_main_skv_clan_skyre,337,20,187,167
12046,296.80199999999996,257.80994000000004,172,107,wh2_main_skv_clan_skyre,337,20,187,167
12046,276.74780000000004,263.98502,173,107,wh2_main_skv_clan_skyre,337,20,187,167
12046,261.3729199999999,260.51157,174,107,wh2_main_skv_clan_skyre,337,20,187,167
12046,264.04680999999994,279.03683,175,107,wh2_main_skv_clan_skyre,337,20,187,167
12046,262.04138,293.31671,176,107,wh2_main_skv_clan_skyre,337,20,187,167
12046,242.65568999999996,302.1933900000001,177,107,wh2_main_skv_clan_skyre,337,20,187,167
12046,266.72069999999997,318.40301999999997,178,107,wh2_main_skv_clan_skyre,337,20,187,167
12046,291.45419000000004,314.15762,179,107,wh2_main_skv_clan_skyre,337,20,187,167
12046,311.50839,328.8234599999999,180,107,wh2_main_skv_clan_skyre,337,20,187,167
12046,310.17144999999994,333.45477000000005,181,107,wh2_main_skv_clan_skyre,337,20,187,167
12046,316.18771000000004,329.98128999999994,182,107,wh2_main_skv_clan_skyre,337,20,187,167
12046,314.18228,313.38573999999994,183,107,wh2_main_skv_clan_skyre,337,20,187,167
12046,318.19311999999996,311.0700699999999,184,107,wh2_main_skv_clan_skyre,337,20,187,167
12046,328.8886999999998,341.17364999999995,185,107,wh2_main_skv_clan_skyre,337,20,187,167
4507,464.5886799999999,391.73218,185,2548,wh2_main_skv_clan_skyre,337,20,187,167
12046,346.2689799999999,371.2771899999999,186,107,wh2_main_skv_clan_skyre,337,20,187,167
4323,461.2463399999999,422.22167999999994,186,2548,wh2_main_skv_clan_skyre,337,20,187,167
12046,362.3123500000001,384.3992600000001,187,107,wh2_main_skv_clan_skyre,337,20,187,167
4323,461.2463399999999,422.22167999999994,187,2548,wh2_main_skv_clan_skyre,337,20,187,167
1844,291.45419,209.953,39,707,wh2_main_skv_clan_skyre,337,39,144,105
1844,291.45419,209.953,40,707,wh2_main_skv_clan_skyre,337,39,144,105
2176,291.45419,209.953,41,707,wh2_main_skv_clan_skyre,337,39,144,105
2176,291.45419,209.953,42,707,wh2_main_skv_clan_skyre,337,39,144,105
2316,291.45419,209.953,43,707,wh2_main_skv_clan_skyre,337,39,144,105
2316,291.45419,209.953,44,707,wh2_main_skv_clan_skyre,337,39,144,105
2396,291.45419,209.953,45,707,wh2_main_skv_clan_skyre,337,39,144,105
2396,291.45419,209.953,46,707,wh2_main_skv_clan_skyre,337,39,144,105
2460,270.06307999999996,220.75941000000006,47,707,wh2_main_skv_clan_skyre,337,39,144,105
2460,274.74237,230.40799,48,707,wh2_main_skv_clan_skyre,337,39,144,105
2460,258.6990400000001,233.49553000000006,49,707,wh2_main_skv_clan_skyre,337,39,144,105
2460,241.98721000000015,223.84695000000005,50,707,wh2_main_skv_clan_skyre,337,39,144,105
2460,241.98721000000015,223.84695000000005,51,707,wh2_main_skv_clan_skyre,337,39,144,105
2460,247.33499,189.11207999999993,52,707,wh2_main_skv_clan_skyre,337,39,144,105
2460,256.02515000000005,184.0948199999999,53,707,wh2_main_skv_clan_skyre,337,39,144,105
2460,272.06847999999997,194.90122999999997,54,707,wh2_main_skv_clan_skyre,337,39,144,105
2460,292.79114000000004,195.28717000000003,55,707,wh2_main_skv_clan_skyre,337,39,144,105
2460,292.12268000000006,207.25140000000005,56,707,wh2_main_skv_clan_skyre,337,39,144,105
2460,305.4921299999999,214.1983799999999,57,707,wh2_main_skv_clan_skyre,337,39,144,105
2460,316.18771000000004,198.76065000000006,58,707,wh2_main_skv_clan_skyre,337,39,144,105
2460,324.87784000000005,179.84945999999994,59,707,wh2_main_skv_clan_skyre,337,39,144,105
2460,318.19311999999996,171.3586999999999,60,707,wh2_main_skv_clan_skyre,337,39,144,105
2460,318.19311999999996,171.3586999999999,61,707,wh2_main_skv_clan_skyre,337,39,144,105
2460,314.85077,185.63860000000008,62,707,wh2_main_skv_clan_skyre,337,39,144,105
2460,304.15517999999986,148.58806,63,707,wh2_main_skv_clan_skyre,337,39,144,105
2460,308.16601999999995,153.99127,64,707,wh2_main_skv_clan_skyre,337,39,144,105
2460,288.7803,176.7619,65,707,wh2_main_skv_clan_skyre,337,39,144,105
2460,294.1280800000001,195.28717000000003,66,707,wh2_main_skv_clan_skyre,337,39,144,105
2460,294.1280800000001,195.28717000000003,67,707,wh2_main_skv_clan_skyre,337,39,144,105
2460,266.72069999999997,183.32294,68,707,wh2_main_skv_clan_skyre,337,39,144,105
2460,237.30789,177.91973999999993,69,707,wh2_main_skv_clan_skyre,337,39,144,105
2460,226.61234,166.34144999999995,70,707,wh2_main_skv_clan_skyre,337,39,144,105
2460,241.31874,161.71012999999996,71,707,wh2_main_skv_clan_skyre,337,39,144,105
2460,256.69359999999995,182.93699999999995,72,707,wh2_main_skv_clan_skyre,337,39,144,105
2460,231.29164,176.7619,73,707,wh2_main_skv_clan_skyre,337,39,144,105
2460,235.30247,203.00603,74,707,wh2_main_skv_clan_skyre,337,39,144,105
2450,243.99263000000002,221.14536000000004,75,707,wh2_main_skv_clan_skyre,337,39,144,105
2450,243.99263000000002,221.14536000000004,76,707,wh2_main_skv_clan_skyre,337,39,144,105
2450,243.99263000000002,221.14536000000004,77,707,wh2_main_skv_clan_skyre,337,39,144,105
2450,259.36749,242.3722200000001,78,707,wh2_main_skv_clan_skyre,337,39,144,105
2450,266.05225,260.89749,79,707,wh2_main_skv_clan_skyre,337,39,144,105
2450,261.3729199999999,260.51157,80,707,wh2_main_skv_clan_skyre,337,39,144,105
2450,243.99263000000002,283.66812,81,707,wh2_main_skv_clan_skyre,337,39,144,105
8956,337.9130699999998,364.909135,82,707,wh2_main_skv_clan_skyre,337,39,144,105
9816,338.91579000000013,378.61011999999965,83,707,wh2_main_skv_clan_skyre,337,39,144,105
9816,347.6059449999996,379.38200499999977,84,707,wh2_main_skv_clan_skyre,337,39,144,105
9816,347.2716950000001,374.1717699999996,85,707,wh2_main_skv_clan_skyre,337,39,144,105
9816,335.57341,356.22542999999956,86,707,wh2_main_skv_clan_skyre,337,39,144,105
10676,318.193115,360.85675,87,707,wh2_main_skv_clan_skyre,337,39,144,105
11840,315.51922500000006,358.1551349999993,88,707,wh2_main_skv_clan_skyre,337,39,144,105
11840,307.16331999999966,338.2790699999996,89,707,wh2_main_skv_clan_skyre,337,39,144,105
11472,328.88869500000044,367.0318149999995,90,707,wh2_main_skv_clan_skyre,337,39,144,105
11840,327.21751499999976,364.9091250000005,91,707,wh2_main_skv_clan_skyre,337,39,144,105
11840,328.2202249999999,365.8739849999994,92,707,wh2_main_skv_clan_skyre,337,39,144,105
11840,328.22022499999963,365.8739850000005,93,707,wh2_main_skv_clan_skyre,337,39,144,105
11840,328.2202249999999,365.8739849999994,94,707,wh2_main_skv_clan_skyre,337,39,144,105
12020,328.2202249999999,365.8739849999994,95,707,wh2_main_skv_clan_skyre,337,39,144,105
12020,327.55174999999963,365.48804500000057,96,707,wh2_main_skv_clan_skyre,337,39,144,105
12020,327.5517499999995,365.48804499999926,97,707,wh2_main_skv_clan_skyre,337,39,144,105
12020,319.8643149999997,372.62799000000007,98,707,wh2_main_skv_clan_skyre,337,39,144,105
16076,308.8344950000003,362.01455999999956,99,707,wh2_main_skv_clan_skyre,337,39,144,105
16648,299.8101150000001,351.01519000000053,100,707,wh2_main_skv_clan_skyre,337,39,144,105
16648,297.4704499999994,342.33147499999995,101,707,wh2_main_skv_clan_skyre,337,39,144,105
16648,300.81282499999986,355.067589999999,102,707,wh2_main_skv_clan_skyre,337,39,144,105
16648,297.47045999999955,363.9442749999999,103,707,wh2_main_skv_clan_skyre,337,39,144,105
20810,296.80199,367.8037100000001,104,707,wh2_main_skv_clan_skyre,337,39,144,105
20810,302.8182449999993,382.8554849999994,105,707,wh2_main_skv_clan_skyre,337,39,144,105
20810,300.14434999999986,382.0835899999998,106,707,wh2_main_skv_clan_skyre,337,39,144,105
23398,300.47859499999964,367.2247900000002,107,707,wh2_main_skv_clan_skyre,337,39,144,105
16098,306.1605999999999,347.7346649999998,108,707,wh2_main_skv_clan_skyre,337,39,144,105
16098,307.16331499999984,350.24330500000025,109,707,wh2_main_skv_clan_skyre,337,39,144,105
16098,306.8290749999997,349.2784600000001,110,707,wh2_main_skv_clan_skyre,337,39,144,105
17058,308.50026499999984,341.3666100000001,111,707,wh2_main_skv_clan_skyre,337,39,144,105
17958,319.5300650000006,331.9109999999995,112,707,wh2_main_skv_clan_skyre,337,39,144,105
17958,305.1578899999997,322.8413400000007,113,707,wh2_main_skv_clan_skyre,337,39,144,105
17938,310.5056850000005,320.91162500000013,114,707,wh2_main_skv_clan_skyre,337,39,144,105
3744,182.49312000000006,228.86421000000004,115,707,wh2_main_skv_clan_skyre,337,39,144,105
3744,182.49312000000006,228.86421000000004,116,707,wh2_main_skv_clan_skyre,337,39,144,105
3744,182.49312000000006,228.86421000000004,117,707,wh2_main_skv_clan_skyre,337,39,144,105
3744,182.49312000000006,225.7766700000001,118,707,wh2_main_skv_clan_skyre,337,39,144,105
3744,182.49312000000006,210.33894000000004,119,707,wh2_main_skv_clan_skyre,337,39,144,105
3744,183.8300600000001,206.47951999999995,120,707,wh2_main_skv_clan_skyre,337,39,144,105
3744,175.80837999999997,213.42648000000003,121,707,wh2_main_skv_clan_skyre,337,39,144,105
3744,167.11823999999993,215.3562000000001,122,707,wh2_main_skv_clan_skyre,337,39,144,105
3744,168.45517999999998,213.81244000000007,123,707,wh2_main_skv_clan_skyre,337,39,144,105
3744,161.10197000000002,214.1983799999999,124,707,wh2_main_skv_clan_skyre,337,39,144,105
3744,142.38474,214.1983799999999,125,707,wh2_main_skv_clan_skyre,337,39,144,105
3744,157.09114,226.54855000000003,126,707,wh2_main_skv_clan_skyre,337,39,144,105
3744,149.06946999999997,237.35497,127,707,wh2_main_skv_clan_skyre,337,39,144,105
3744,175.13990999999993,258.58182,128,707,wh2_main_skv_clan_skyre,337,39,144,105
3744,173.13448999999994,268.23041000000006,129,707,wh2_main_skv_clan_skyre,337,39,144,105
3744,170.46059999999994,279.80872,130,707,wh2_main_skv_clan_skyre,337,39,144,105
3744,157.75961000000004,290.2291599999999,131,707,wh2_main_skv_clan_skyre,337,39,144,105
3744,147.73250999999996,270.54608,132,707,wh2_main_skv_clan_skyre,337,39,144,105
3744,154.41725,293.70266999999996,133,707,wh2_main_skv_clan_skyre,337,39,144,105
3744,140.37932,291.00104000000005,134,707,wh2_main_skv_clan_skyre,337,39,144,105
3744,125.67291000000004,280.96652,135,707,wh2_main_skv_clan_skyre,337,39,144,105
3744,115.64582,282.1243599999999,136,707,wh2_main_skv_clan_skyre,337,39,144,105
3744,115.64582,262.82721000000004,137,707,wh2_main_skv_clan_skyre,337,39,144,105
3744,129.68375,226.16261,138,707,wh2_main_skv_clan_skyre,337,39,144,105
3744,125.00444,211.88272,139,707,wh2_main_skv_clan_skyre,337,39,144,105
3744,112.30344999999996,209.1811200000001,140,707,wh2_main_skv_clan_skyre,337,39,144,105
3744,144.39015,210.72490000000008,141,707,wh2_main_skv_clan_skyre,337,39,144,105
3744,115.64582,210.33894000000004,142,707,wh2_main_skv_clan_skyre,337,39,144,105
3744,115.64582,210.33894000000004,143,707,wh2_main_skv_clan_skyre,337,39,144,105
3744,112.30344999999996,209.1811200000001,144,707,wh2_main_skv_clan_skyre,337,39,144,105
2122,291.45419,209.953,55,2593,wh2_main_skv_clan_skyre,337,55,187,132
2122,291.45419,209.953,56,2593,wh2_main_skv_clan_skyre,337,55,187,132
1866,291.45419,209.953,57,2593,wh2_main_skv_clan_skyre,337,55,187,132
1866,291.45419,209.953,58,2593,wh2_main_skv_clan_skyre,337,55,187,132
1982,291.45419,209.953,59,2593,wh2_main_skv_clan_skyre,337,55,187,132
3886,291.45419,209.95300000000003,60,2593,wh2_main_skv_clan_skyre,337,55,187,132
4142,291.45419,209.953,61,2593,wh2_main_skv_clan_skyre,337,55,187,132
4158,291.45419,209.953,62,2593,wh2_main_skv_clan_skyre,337,55,187,132
4206,291.45419000000004,209.953,63,2593,wh2_main_skv_clan_skyre,337,55,187,132
4206,291.45419000000004,209.953,64,2593,wh2_main_skv_clan_skyre,337,55,187,132
6126,291.45419000000004,209.953,65,2593,wh2_main_skv_clan_skyre,337,55,187,132
8046,291.45419000000004,209.95300000000003,66,2593,wh2_main_skv_clan_skyre,337,55,187,132
8046,290.78574,195.67311000000007,67,2593,wh2_main_skv_clan_skyre,337,55,187,132
8046,265.38376,183.32294,68,2593,wh2_main_skv_clan_skyre,337,55,187,132
8046,263.3783299999999,170.58682,69,2593,wh2_main_skv_clan_skyre,337,55,187,132
8046,273.4054299999999,159.39447000000004,70,2593,wh2_main_skv_clan_skyre,337,55,187,132
8046,260.70443999999986,162.86794999999998,71,2593,wh2_main_skv_clan_skyre,337,55,187,132
8046,252.0142999999999,194.90122999999997,72,2593,wh2_main_skv_clan_skyre,337,55,187,132
8046,252.0142999999999,194.1293300000001,73,2593,wh2_main_skv_clan_skyre,337,55,187,132
8046,241.98721000000015,223.84695000000005,74,2593,wh2_main_skv_clan_skyre,337,55,187,132
8046,242.65568999999996,225.00478000000012,75,2593,wh2_main_skv_clan_skyre,337,55,187,132
8046,241.98721000000015,223.84695000000005,76,2593,wh2_main_skv_clan_skyre,337,55,187,132
8046,241.98721000000015,223.84695000000005,77,2593,wh2_main_skv_clan_skyre,337,55,187,132
8046,257.36208999999997,240.44250000000005,78,2593,wh2_main_skv_clan_skyre,337,55,187,132
8046,264.04680999999994,258.19589,79,2593,wh2_main_skv_clan_skyre,337,55,187,132
8046,264.71529999999996,258.58182,80,2593,wh2_main_skv_clan_skyre,337,55,187,132
8046,244.66109999999998,282.5102800000001,81,2593,wh2_main_skv_clan_skyre,337,55,187,132
8046,260.70443999999986,259.3537,82,2593,wh2_main_skv_clan_skyre,337,55,187,132
8046,259.36749,282.5102800000001,83,2593,wh2_main_skv_clan_skyre,337,55,187,132
8046,286.10641,285.59784,84,2593,wh2_main_skv_clan_skyre,337,55,187,132
8046,286.7749,291.38699,85,2593,wh2_main_skv_clan_skyre,337,55,187,132
8046,274.74237,272.86171999999993,86,2593,wh2_main_skv_clan_skyre,337,55,187,132
8046,260.70443999999986,243.14410000000007,87,2593,wh2_main_skv_clan_skyre,337,55,187,132
8046,243.99263000000002,214.97026,88,2593,wh2_main_skv_clan_skyre,337,55,187,132
8046,254.68818999999993,188.7261399999999,89,2593,wh2_main_skv_clan_skyre,337,55,187,132
8046,245.99805000000006,219.98752,90,2593,wh2_main_skv_clan_skyre,337,55,187,132
8046,251.34583000000012,187.56831000000005,91,2593,wh2_main_skv_clan_skyre,337,55,187,132
8046,247.33499,177.53380000000004,92,2593,wh2_main_skv_clan_skyre,337,55,187,132
8046,256.02515000000005,184.0948199999999,93,2593,wh2_main_skv_clan_skyre,337,55,187,132
8046,231.96011,170.20087000000007,94,2593,wh2_main_skv_clan_skyre,337,55,187,132
8046,231.96011,170.20087000000007,95,2593,wh2_main_skv_clan_skyre,337,55,187,132
8046,212.57440000000003,157.46475000000004,96,2593,wh2_main_skv_clan_skyre,337,55,187,132
8046,199.20494000000005,162.86794999999998,97,2593,wh2_main_skv_clan_skyre,337,55,187,132
8034,191.1832599999999,159.78040999999996,98,2593,wh2_main_skv_clan_skyre,337,55,187,132
8034,191.1832599999999,159.78040999999996,99,2593,wh2_main_skv_clan_skyre,337,55,187,132
8034,191.1832599999999,159.78040999999996,100,2593,wh2_main_skv_clan_skyre,337,55,187,132
8058,191.1832599999999,159.78040999999996,101,2593,wh2_main_skv_clan_skyre,337,55,187,132
8058,178.48227,148.58806,102,2593,wh2_main_skv_clan_skyre,337,55,187,132
8058,163.10739000000007,132.7644,103,2593,wh2_main_skv_clan_skyre,337,55,187,132
8058,163.10739000000007,132.7644,104,2593,wh2_main_skv_clan_skyre,337,55,187,132
8058,168.45517999999998,131.22062999999997,105,2593,wh2_main_skv_clan_skyre,337,55,187,132
8058,168.45517999999998,131.22062999999997,106,2593,wh2_main_skv_clan_skyre,337,55,187,132
8058,168.45517999999998,131.22062999999997,107,2593,wh2_main_skv_clan_skyre,337,55,187,132
9216,158.42808999999994,111.53753000000003,108,2593,wh2_main_skv_clan_skyre,337,55,187,132
9216,167.11823999999993,131.22062999999997,109,2593,wh2_main_skv_clan_skyre,337,55,187,132
9216,151.07488999999998,142.02703999999997,110,2593,wh2_main_skv_clan_skyre,337,55,187,132
9216,165.78130000000004,138.93948,111,2593,wh2_main_skv_clan_skyre,337,55,187,132
9216,168.45517999999998,131.22062999999997,112,2593,wh2_main_skv_clan_skyre,337,55,187,132
9216,160.43350000000004,142.02703999999997,113,2593,wh2_main_skv_clan_skyre,337,55,187,132
9216,146.39557000000002,140.86920000000003,114,2593,wh2_main_skv_clan_skyre,337,55,187,132
9216,116.9827651977539,141.64107999999993,115,2593,wh2_main_skv_clan_skyre,337,55,187,132
9216,118.98818000000001,131.99251,116,2593,wh2_main_skv_clan_skyre,337,55,187,132
9216,121.66208000000003,130.44875,117,2593,wh2_main_skv_clan_skyre,337,55,187,132
9216,121.66208000000003,130.44875,118,2593,wh2_main_skv_clan_skyre,337,55,187,132
9216,120.99361000000002,146.2724,119,2593,wh2_main_skv_clan_skyre,337,55,187,132
9216,98.2655258178711,160.93823000000006,120,2593,wh2_main_skv_clan_skyre,337,55,187,132
9216,74.20049999999999,174.06030000000007,121,2593,wh2_main_skv_clan_skyre,337,55,187,132
4062,78.21133422851562,204.16386000000006,122,2593,wh2_main_skv_clan_skyre,337,55,187,132
3982,77.54286,205.32168999999996,123,2593,wh2_main_skv_clan_skyre,337,55,187,132
4342,78.87980999999998,205.3216899999999,124,2593,wh2_main_skv_clan_skyre,337,55,187,132
4984,78.87981,205.32168999999996,125,2593,wh2_main_skv_clan_skyre,337,55,187,132
5344,77.54286,205.32168999999993,126,2593,wh2_main_skv_clan_skyre,337,55,187,132
5452,76.87438999999998,204.16386000000006,127,2593,wh2_main_skv_clan_skyre,337,55,187,132
5452,74.86897,201.46227,128,2593,wh2_main_skv_clan_skyre,337,55,187,132
5452,56.15172576904297,196.83095,129,2593,wh2_main_skv_clan_skyre,337,55,187,132
5452,54.146309999999986,205.70762999999994,130,2593,wh2_main_skv_clan_skyre,337,55,187,132
5452,75.53744506835938,206.47951999999995,131,2593,wh2_main_skv_clan_skyre,337,55,187,132
5452,74.20049999999999,202.62008999999995,132,2593,wh2_main_skv_clan_skyre,337,55,187,132
5452,74.20049999999999,202.62008999999995,133,2593,wh2_main_skv_clan_skyre,337,55,187,132
5452,74.20049999999999,202.62008999999995,134,2593,wh2_main_skv_clan_skyre,337,55,187,132
5452,74.20049999999999,202.62008999999995,135,2593,wh2_main_skv_clan_skyre,337,55,187,132
5452,74.20049999999999,202.62008999999995,136,2593,wh2_main_skv_clan_skyre,337,55,187,132
5092,74.2005,202.62008999999995,137,2593,wh2_main_skv_clan_skyre,337,55,187,132
5092,74.86897,206.86546,138,2593,wh2_main_skv_clan_skyre,337,55,187,132
5092,74.86897,206.86546,139,2593,wh2_main_skv_clan_skyre,337,55,187,132
5092,74.86897,206.86546,140,2593,wh2_main_skv_clan_skyre,337,55,187,132
5156,54.814780000000006,204.54979999999992,141,2593,wh2_main_skv_clan_skyre,337,55,187,132
5156,58.825619999999994,197.60282999999993,142,2593,wh2_main_skv_clan_skyre,337,55,187,132
5156,46.1246337890625,208.79518000000002,143,2593,wh2_main_skv_clan_skyre,337,55,187,132
5156,41.4453239440918,208.40924,144,2593,wh2_main_skv_clan_skyre,337,55,187,132
5156,46.79310607910156,184.48075999999995,145,2593,wh2_main_skv_clan_skyre,337,55,187,132
5156,42.11379623413086,185.63860000000008,146,2593,wh2_main_skv_clan_skyre,337,55,187,132
5156,59.49409000000001,176.37595999999996,147,2593,wh2_main_skv_clan_skyre,337,55,187,132
5156,53.47783660888672,169.81493,148,2593,wh2_main_skv_clan_skyre,337,55,187,132
6450,42.11379623413086,185.63860000000008,149,2593,wh2_main_skv_clan_skyre,337,55,187,132
6450,46.1246337890625,207.25140000000005,150,2593,wh2_main_skv_clan_skyre,337,55,187,132
6450,46.1246337890625,207.25140000000005,151,2593,wh2_main_skv_clan_skyre,337,55,187,132
3512,40.77684783935547,224.23289000000008,152,2593,wh2_main_skv_clan_skyre,337,55,187,132
3512,46.1246337890625,225.00478000000012,153,2593,wh2_main_skv_clan_skyre,337,55,187,132
2118,291.45419,209.953,154,2593,wh2_main_skv_clan_skyre,337,55,187,132
2090,291.45419,209.953,155,2593,wh2_main_skv_clan_skyre,337,55,187,132
2090,291.45419,209.953,156,2593,wh2_main_skv_clan_skyre,337,55,187,132
2090,291.45419,209.953,157,2593,wh2_main_skv_clan_skyre,337,55,187,132
2490,291.45419000000004,209.95300000000003,158,2593,wh2_main_skv_clan_skyre,337,55,187,132
5628,77.54286,205.3216899999999,159,2593,wh2_main_skv_clan_skyre,337,55,187,132
6120,77.54286,205.32168999999985,160,2593,wh2_main_skv_clan_skyre,337,55,187,132
8012,77.54286,205.32168999999985,161,2593,wh2_main_skv_clan_skyre,337,55,187,132
8108,77.54286,205.32168999999985,162,2593,wh2_main_skv_clan_skyre,337,55,187,132
8212,57.48867416381836,188.34018999999992,163,2593,wh2_main_skv_clan_skyre,337,55,187,132
8212,42.11379623413086,184.09482000000006,164,2593,wh2_main_skv_clan_skyre,337,55,187,132
6320,18.717243194580078,192.19963000000004,165,2593,wh2_main_skv_clan_skyre,337,55,187,132
6320,13.36945915222168,189.1120799999999,166,2593,wh2_main_skv_clan_skyre,337,55,187,132
5920,18.048768997192383,204.1638599999999,167,2593,wh2_main_skv_clan_skyre,337,55,187,132
6300,17.38029670715332,206.86546,168,2593,wh2_main_skv_clan_skyre,337,55,187,132
3830,17.38029670715332,206.86546,169,2593,wh2_main_skv_clan_skyre,337,55,187,132
3830,17.38029670715332,206.86546,170,2593,wh2_main_skv_clan_skyre,337,55,187,132
5722,16.043349999999997,206.86546000000004,171,2593,wh2_main_skv_clan_skyre,337,55,187,132
5722,26.73891830444336,231.56581,172,2593,wh2_main_skv_clan_skyre,337,55,187,132
5722,41.4453239440918,208.40924,173,2593,wh2_main_skv_clan_skyre,337,55,187,132
5722,26.73891830444336,231.56581,174,2593,wh2_main_skv_clan_skyre,337,55,187,132
5722,16.043349999999997,245.45976000000002,175,2593,wh2_main_skv_clan_skyre,337,55,187,132
5722,16.043349999999997,245.45976000000002,176,2593,wh2_main_skv_clan_skyre,337,55,187,132
5722,35.4290657043457,212.65459999999993,177,2593,wh2_main_skv_clan_skyre,337,55,187,132
5722,36.097537994384766,186.79642000000007,178,2593,wh2_main_skv_clan_skyre,337,55,187,132
5722,42.11379623413086,185.63860000000008,179,2593,wh2_main_skv_clan_skyre,337,55,187,132
5722,54.814780000000006,173.67436,180,2593,wh2_main_skv_clan_skyre,337,55,187,132
5722,50.13546999999998,172.51652999999993,181,2593,wh2_main_skv_clan_skyre,337,55,187,132
5722,90.24385000000001,164.02579000000003,182,2593,wh2_main_skv_clan_skyre,337,55,187,132
5722,120.99361000000002,133.15034,183,2593,wh2_main_skv_clan_skyre,337,55,187,132
5722,127.67833,131.60656999999998,184,2593,wh2_main_skv_clan_skyre,337,55,187,132
5722,145.72710000000004,123.50177,185,2593,wh2_main_skv_clan_skyre,337,55,187,132
5722,153.08030999999997,106.90621000000006,186,2593,wh2_main_skv_clan_skyre,337,55,187,132
5722,152.41183,101.11707,187,2593,wh2_main_skv_clan_skyre,337,55,187,132
1844,291.45419,209.953,82,2800,wh2_main_skv_clan_skyre,337,82,187,105
1856,291.45419,209.953,83,2800,wh2_main_skv_clan_skyre,337,82,187,105
4084,291.45419,209.953,84,2800,wh2_main_skv_clan_skyre,337,82,187,105
4112,291.45419,209.953,85,2800,wh2_main_skv_clan_skyre,337,82,187,105
4224,291.45419,209.953,86,2800,wh2_main_skv_clan_skyre,337,82,187,105
4252,291.45419,209.953,87,2800,wh2_main_skv_clan_skyre,337,82,187,105
4288,291.45419,209.953,88,2800,wh2_main_skv_clan_skyre,337,82,187,105
4304,291.45419,209.953,89,2800,wh2_main_skv_clan_skyre,337,82,187,105
4352,265.38376,220.37345999999988,90,2800,wh2_main_skv_clan_skyre,337,82,187,105
4352,250.67735,208.79518000000002,91,2800,wh2_main_skv_clan_skyre,337,82,187,105
4352,248.6719400000001,177.53380000000004,92,2800,wh2_main_skv_clan_skyre,337,82,187,105
4352,254.01970999999995,181.39321999999996,93,2800,wh2_main_skv_clan_skyre,337,82,187,105
4352,256.69359999999995,182.93699999999995,94,2800,wh2_main_skv_clan_skyre,337,82,187,105
4352,233.29705999999993,170.20087000000007,95,2800,wh2_main_skv_clan_skyre,337,82,187,105
4352,212.57440000000003,160.55229000000003,96,2800,wh2_main_skv_clan_skyre,337,82,187,105
4352,195.19410999999994,154.37721000000005,97,2800,wh2_main_skv_clan_skyre,337,82,187,105
4352,193.18867,160.16635,98,2800,wh2_main_skv_clan_skyre,337,82,187,105
4352,189.17783999999995,157.85069000000007,99,2800,wh2_main_skv_clan_skyre,337,82,187,105
4352,189.17783999999995,157.85069000000007,100,2800,wh2_main_skv_clan_skyre,337,82,187,105
4352,189.17783999999995,157.85069000000007,101,2800,wh2_main_skv_clan_skyre,337,82,187,105
4352,179.81923000000003,148.58806,102,2800,wh2_main_skv_clan_skyre,337,82,187,105
4352,167.11823999999993,138.16759999999994,103,2800,wh2_main_skv_clan_skyre,337,82,187,105
4352,167.11823999999993,131.22062999999997,104,2800,wh2_main_skv_clan_skyre,337,82,187,105
4352,165.78130000000004,130.44875,105,2800,wh2_main_skv_clan_skyre,337,82,187,105
4352,159.09655999999998,125.04554000000003,106,2800,wh2_main_skv_clan_skyre,337,82,187,105
4352,159.09655999999998,125.04554000000003,107,2800,wh2_main_skv_clan_skyre,337,82,187,105
4352,160.43350000000004,116.55479431152344,108,2800,wh2_main_skv_clan_skyre,337,82,187,105
4352,165.78130000000004,132.7644,109,2800,wh2_main_skv_clan_skyre,337,82,187,105
4352,149.73795000000004,141.25514000000004,110,2800,wh2_main_skv_clan_skyre,337,82,187,105
4352,163.77588000000003,140.09732,111,2800,wh2_main_skv_clan_skyre,337,82,187,105
4352,158.42808999999994,127.74713999999997,112,2800,wh2_main_skv_clan_skyre,337,82,187,105
4352,162.43892000000002,141.64107999999993,113,2800,wh2_main_skv_clan_skyre,337,82,187,105
4352,145.72710000000004,142.79892,114,2800,wh2_main_skv_clan_skyre,337,82,187,105
4352,120.99361000000002,142.41298000000003,115,2800,wh2_main_skv_clan_skyre,337,82,187,105
4352,120.32512999999999,130.44875,116,2800,wh2_main_skv_clan_skyre,337,82,187,105
4352,122.33054999999999,129.29091,117,2800,wh2_main_skv_clan_skyre,337,82,187,105
4352,122.33054999999999,129.29091,118,2800,wh2_main_skv_clan_skyre,337,82,187,105
4352,121.66208000000003,145.11457999999996,119,2800,wh2_main_skv_clan_skyre,337,82,187,105
4352,98.93399999999998,162.09607000000003,120,2800,wh2_main_skv_clan_skyre,337,82,187,105
4352,73.53202000000003,172.90248000000008,121,2800,wh2_main_skv_clan_skyre,337,82,187,105
4294,78.21133422851562,201.07630999999995,122,2800,wh2_main_skv_clan_skyre,337,82,187,105
4214,78.21133422851562,201.07630999999995,123,2800,wh2_main_skv_clan_skyre,337,82,187,105
4214,78.21133422851562,201.07630999999995,124,2800,wh2_main_skv_clan_skyre,337,82,187,105
2052,76.87438999999999,203.39196999999996,125,2800,wh2_main_skv_clan_skyre,337,82,187,105
2052,76.87438999999999,203.39196999999996,126,2800,wh2_main_skv_clan_skyre,337,82,187,105
2052,77.54286,205.32169000000002,127,2800,wh2_main_skv_clan_skyre,337,82,187,105
2052,77.54286,205.32169000000002,128,2800,wh2_main_skv_clan_skyre,337,82,187,105
2412,77.54286,205.32168999999993,129,2800,wh2_main_skv_clan_skyre,337,82,187,105
2700,55.483253479003906,207.25140000000005,130,2800,wh2_main_skv_clan_skyre,337,82,187,105
2700,72.86355000000002,206.47951999999995,131,2800,wh2_main_skv_clan_skyre,337,82,187,105
2700,72.86355000000002,206.47951999999995,132,2800,wh2_main_skv_clan_skyre,337,82,187,105
2700,72.86355000000002,206.47951999999995,133,2800,wh2_main_skv_clan_skyre,337,82,187,105
2700,72.86355000000002,206.47951999999995,134,2800,wh2_main_skv_clan_skyre,337,82,187,105
2700,72.86355000000002,206.47951999999995,135,2800,wh2_main_skv_clan_skyre,337,82,187,105
2700,72.86355000000002,206.47951999999995,136,2800,wh2_main_skv_clan_skyre,337,82,187,105
2160,72.86355000000002,206.47952,137,2800,wh2_main_skv_clan_skyre,337,82,187,105
8248,77.54286,205.3216899999999,138,2800,wh2_main_skv_clan_skyre,337,82,187,105
2292,77.54286,205.32168999999993,139,2800,wh2_main_skv_clan_skyre,337,82,187,105
2292,77.54286,205.32168999999993,140,2800,wh2_main_skv_clan_skyre,337,82,187,105
2324,77.54286,205.3216899999999,141,2800,wh2_main_skv_clan_skyre,337,82,187,105
2336,56.15172576904297,206.09358000000012,142,2800,wh2_main_skv_clan_skyre,337,82,187,105
2336,46.1246337890625,207.25140000000005,143,2800,wh2_main_skv_clan_skyre,337,82,187,105
2336,46.79310607910156,185.25266000000005,144,2800,wh2_main_skv_clan_skyre,337,82,187,105
2336,47.46158000000001,182.55105999999992,145,2800,wh2_main_skv_clan_skyre,337,82,187,105
2336,44.78769,182.55105999999992,146,2800,wh2_main_skv_clan_skyre,337,82,187,105
2324,60.831040000000016,177.91973999999993,147,2800,wh2_main_skv_clan_skyre,337,82,187,105
2324,52.809364318847656,164.79766999999998,148,2800,wh2_main_skv_clan_skyre,337,82,187,105
2336,42.11379623413086,182.55105999999992,149,2800,wh2_main_skv_clan_skyre,337,82,187,105
2336,46.79310607910156,203.00603,150,2800,wh2_main_skv_clan_skyre,337,82,187,105
2336,41.4453239440918,208.40924,151,2800,wh2_main_skv_clan_skyre,337,82,187,105
2336,42.11379623413086,225.00478000000012,152,2800,wh2_main_skv_clan_skyre,337,82,187,105
2336,42.11379623413086,225.00478000000012,153,2800,wh2_main_skv_clan_skyre,337,82,187,105
2230,46.1246337890625,225.0047800000001,154,2800,wh2_main_skv_clan_skyre,337,82,187,105
2230,26.73891830444336,231.56581,155,2800,wh2_main_skv_clan_skyre,337,82,187,105
2230,10.027093887329102,247.38947999999993,156,2800,wh2_main_skv_clan_skyre,337,82,187,105
2230,44.78769,241.98626999999993,157,2800,wh2_main_skv_clan_skyre,337,82,187,105
5168,42.11379623413086,250.47701999999998,158,2800,wh2_main_skv_clan_skyre,337,82,187,105
5228,64.84186999999999,250.47701999999998,159,2800,wh2_main_skv_clan_skyre,337,82,187,105
5228,28.075862884521484,232.33770999999987,160,2800,wh2_main_skv_clan_skyre,337,82,187,105
5228,20.7226619720459,231.9517500000001,161,2800,wh2_main_skv_clan_skyre,337,82,187,105
5228,20.7226619720459,231.9517500000001,162,2800,wh2_main_skv_clan_skyre,337,82,187,105
5228,20.7226619720459,231.9517500000001,163,2800,wh2_main_skv_clan_skyre,337,82,187,105
5228,20.7226619720459,231.9517500000001,164,2800,wh2_main_skv_clan_skyre,337,82,187,105
5228,45.45615999999998,245.45976000000002,165,2800,wh2_main_skv_clan_skyre,337,82,187,105
5228,63.50493000000004,248.93324,166,2800,wh2_main_skv_clan_skyre,337,82,187,105
5228,63.50493000000004,248.93324,167,2800,wh2_main_skv_clan_skyre,337,82,187,105
5228,90.91231999999997,267.84444999999994,168,2800,wh2_main_skv_clan_skyre,337,82,187,105
5228,100.27093999999995,244.68788000000004,169,2800,wh2_main_skv_clan_skyre,337,82,187,105
5228,100.93941497802734,243.53004,170,2800,wh2_main_skv_clan_skyre,337,82,187,105
5228,113.6404,227.70638999999997,171,2800,wh2_main_skv_clan_skyre,337,82,187,105
6486,110.96650999999999,210.72490000000008,172,2800,wh2_main_skv_clan_skyre,337,82,187,105
6486,90.91231999999997,205.3216899999999,173,2800,wh2_main_skv_clan_skyre,337,82,187,105
6486,77.54286,205.3216899999999,174,2800,wh2_main_skv_clan_skyre,337,82,187,105
6486,77.54286,205.3216899999999,175,2800,wh2_main_skv_clan_skyre,337,82,187,105
6486,77.54286,205.3216899999999,176,2800,wh2_main_skv_clan_skyre,337,82,187,105
6486,53.47783660888672,199.14660999999992,177,2800,wh2_main_skv_clan_skyre,337,82,187,105
6486,35.4290657043457,188.7261399999999,178,2800,wh2_main_skv_clan_skyre,337,82,187,105
6486,39.439903259277344,185.63860000000008,179,2800,wh2_main_skv_clan_skyre,337,82,187,105
6486,56.15172576904297,174.44624000000007,180,2800,wh2_main_skv_clan_skyre,337,82,187,105
6486,52.809364318847656,169.42898999999994,181,2800,wh2_main_skv_clan_skyre,337,82,187,105
6492,89.57538,165.18361000000002,182,2800,wh2_main_skv_clan_skyre,337,82,187,105
6492,119.65665435791016,131.60656999999998,183,2800,wh2_main_skv_clan_skyre,337,82,187,105
6492,125.67291000000004,131.22062999999997,184,2800,wh2_main_skv_clan_skyre,337,82,187,105
6492,143.72168000000005,123.11582000000001,185,2800,wh2_main_skv_clan_skyre,337,82,187,105
6492,152.41183,108.06404999999998,186,2800,wh2_main_skv_clan_skyre,337,82,187,105
6492,150.40641999999994,102.27489999999996,187,2800,wh2_main_skv_clan_skyre,337,82,187,105
4068,519.4035,50.558536529541016,123,552,wh2_main_skv_clan_skyre,337,105,187,82
4068,519.4035,50.558536529541016,124,552,wh2_main_skv_clan_skyre,337,105,187,82
4388,519.4035,50.558536529541016,125,552,wh2_main_skv_clan_skyre,337,105,187,82
4388,519.4035,50.558536529541016,126,552,wh2_main_skv_clan_skyre,337,105,187,82
4388,519.4035,50.558536529541016,127,552,wh2_main_skv_clan_skyre,337,105,187,82
4388,519.4035,50.558536529541016,128,552,wh2_main_skv_clan_skyre,337,105,187,82
4388,519.4035,50.558536529541016,129,552,wh2_main_skv_clan_skyre,337,105,187,82
4208,519.4035,50.558536529541016,130,552,wh2_main_skv_clan_skyre,337,105,187,82
4540,519.4035000000001,50.558536529541016,131,552,wh2_main_skv_clan_skyre,337,105,187,82
4540,519.4035000000001,50.558536529541016,132,552,wh2_main_skv_clan_skyre,337,105,187,82
4540,519.4035000000001,50.558536529541016,133,552,wh2_main_skv_clan_skyre,337,105,187,82
4540,519.4035000000001,50.558536529541016,134,552,wh2_main_skv_clan_skyre,337,105,187,82
4540,519.4035000000001,50.558536529541016,135,552,wh2_main_skv_clan_skyre,337,105,187,82
6460,519.4035000000001,50.558536529541016,136,552,wh2_main_skv_clan_skyre,337,105,187,82
6540,519.4035000000001,50.558536529541016,137,552,wh2_main_skv_clan_skyre,337,105,187,82
6540,519.4035000000001,50.558536529541016,138,552,wh2_main_skv_clan_skyre,337,105,187,82
6540,519.4035000000001,50.558536529541016,139,552,wh2_main_skv_clan_skyre,337,105,187,82
6540,519.4035000000001,50.558536529541016,140,552,wh2_main_skv_clan_skyre,337,105,187,82
6540,519.4035000000001,50.558536529541016,141,552,wh2_main_skv_clan_skyre,337,105,187,82
6540,519.4035000000001,50.558536529541016,142,552,wh2_main_skv_clan_skyre,337,105,187,82
6540,519.4035000000001,50.558536529541016,143,552,wh2_main_skv_clan_skyre,337,105,187,82
6540,519.4035000000001,50.558536529541016,144,552,wh2_main_skv_clan_skyre,337,105,187,82
6540,519.4035000000001,50.558536529541016,145,552,wh2_main_skv_clan_skyre,337,105,187,82
6540,519.4035000000001,50.558536529541016,146,552,wh2_main_skv_clan_skyre,337,105,187,82
6540,519.4035000000001,50.558536529541016,147,552,wh2_main_skv_clan_skyre,337,105,187,82
6540,519.4035000000001,50.558536529541016,148,552,wh2_main_skv_clan_skyre,337,105,187,82
7698,519.4035000000001,50.558536529541016,149,552,wh2_main_skv_clan_skyre,337,105,187,82
7698,519.4035000000001,50.558536529541016,150,552,wh2_main_skv_clan_skyre,337,105,187,82
7698,519.4035000000001,50.558536529541016,151,552,wh2_main_skv_clan_skyre,337,105,187,82
7698,519.4035000000001,50.558536529541016,152,552,wh2_main_skv_clan_skyre,337,105,187,82
7698,519.4035000000001,50.558536529541016,153,552,wh2_main_skv_clan_skyre,337,105,187,82
7698,519.4035000000001,50.558536529541016,154,552,wh2_main_skv_clan_skyre,337,105,187,82
7698,519.4035000000001,50.558536529541016,155,552,wh2_main_skv_clan_skyre,337,105,187,82
7606,519.4035000000001,50.558536529541016,156,552,wh2_main_skv_clan_skyre,337,105,187,82
7766,519.4035000000001,50.558536529541016,157,552,wh2_main_skv_clan_skyre,337,105,187,82
7766,519.4035000000001,50.558536529541016,158,552,wh2_main_skv_clan_skyre,337,105,187,82
7766,519.4035000000001,50.558536529541016,159,552,wh2_main_skv_clan_skyre,337,105,187,82
7766,519.4035000000001,50.558536529541016,160,552,wh2_main_skv_clan_skyre,337,105,187,82
7766,519.4035000000001,50.558536529541016,161,552,wh2_main_skv_clan_skyre,337,105,187,82
7766,519.4035000000001,50.558536529541016,162,552,wh2_main_skv_clan_skyre,337,105,187,82
7766,519.4035000000001,50.558536529541016,163,552,wh2_main_skv_clan_skyre,337,105,187,82
7766,519.4035000000001,50.558536529541016,164,552,wh2_main_skv_clan_skyre,337,105,187,82
7766,519.4035000000001,50.558536529541016,165,552,wh2_main_skv_clan_skyre,337,105,187,82
7766,519.4035000000001,50.558536529541016,166,552,wh2_main_skv_clan_skyre,337,105,187,82
7766,519.4035000000001,50.558536529541016,167,552,wh2_main_skv_clan_skyre,337,105,187,82
7686,519.4035000000001,50.558536529541016,168,552,wh2_main_skv_clan_skyre,337,105,187,82
7730,519.4035000000001,50.558536529541016,169,552,wh2_main_skv_clan_skyre,337,105,187,82
7730,519.4035000000001,50.558536529541016,170,552,wh2_main_skv_clan_skyre,337,105,187,82
10668,519.4035000000001,50.558536529541016,171,552,wh2_main_skv_clan_skyre,337,105,187,82
11686,519.4035000000001,50.558536529541016,172,552,wh2_main_skv_clan_skyre,337,105,187,82
11686,519.4035000000001,50.558536529541016,173,552,wh2_main_skv_clan_skyre,337,105,187,82
11686,519.4035000000001,50.558536529541016,174,552,wh2_main_skv_clan_skyre,337,105,187,82
11686,519.4035000000001,50.558536529541016,175,552,wh2_main_skv_clan_skyre,337,105,187,82
11686,519.4035000000001,50.558536529541016,176,552,wh2_main_skv_clan_skyre,337,105,187,82
11686,519.4035000000001,50.558536529541016,177,552,wh2_main_skv_clan_skyre,337,105,187,82
11686,519.4035000000001,50.558536529541016,178,552,wh2_main_skv_clan_skyre,337,105,187,82
11686,519.4035000000001,50.558536529541016,179,552,wh2_main_skv_clan_skyre,337,105,187,82
11686,519.4035000000001,50.558536529541016,180,552,wh2_main_skv_clan_skyre,337,105,187,82
11686,519.4035000000001,50.558536529541016,181,552,wh2_main_skv_clan_skyre,337,105,187,82
11686,519.4035000000001,50.558536529541016,182,552,wh2_main_skv_clan_skyre,337,105,187,82
11686,519.4035000000001,50.558536529541016,183,552,wh2_main_skv_clan_skyre,337,105,187,82
11706,519.4035000000001,50.558536529541016,184,552,wh2_main_skv_clan_skyre,337,105,187,82
11706,519.4035000000001,50.558536529541016,185,552,wh2_main_skv_clan_skyre,337,105,187,82
11706,519.4035000000001,50.558536529541016,186,552,wh2_main_skv_clan_skyre,337,105,187,82
11706,519.4035000000001,50.558536529541016,187,552,wh2_main_skv_clan_skyre,337,105,187,82
1844,291.45419,209.953,119,73,wh2_main_skv_clan_skyre,337,119,146,27
3764,291.45419,209.953,120,73,wh2_main_skv_clan_skyre,337,119,146,27
4140,291.45419,209.953,121,73,wh2_main_skv_clan_skyre,337,119,146,27
4140,291.45419,209.953,122,73,wh2_main_skv_clan_skyre,337,119,146,27
4284,291.45419,209.953,123,73,wh2_main_skv_clan_skyre,337,119,146,27
4284,291.45419,209.953,124,73,wh2_main_skv_clan_skyre,337,119,146,27
4352,321.5354900000001,219.60158,125,73,wh2_main_skv_clan_skyre,337,119,146,27
4352,318.19311999999996,223.07506999999995,126,73,wh2_main_skv_clan_skyre,337,119,146,27
4352,348.9428699999999,215.3562000000001,127,73,wh2_main_skv_clan_skyre,337,119,146,27
4352,375.68178999999986,237.74091000000007,128,73,wh2_main_skv_clan_skyre,337,119,146,27
4352,368.9970700000001,260.12561,129,73,wh2_main_skv_clan_skyre,337,119,146,27
4352,369.6655300000001,272.08984,130,73,wh2_main_skv_clan_skyre,337,119,146,27
4352,375.0133400000002,289.84323000000006,131,73,wh2_main_skv_clan_skyre,337,119,146,27
4352,360.30692,305.28093999999993,132,73,wh2_main_skv_clan_skyre,337,119,146,27
4352,346.9374699999999,303.73718,133,73,wh2_main_skv_clan_skyre,337,119,146,27
4352,366.3231800000001,306.43875000000014,134,73,wh2_main_skv_clan_skyre,337,119,146,27
4352,358.3015100000001,304.8949899999999,135,73,wh2_main_skv_clan_skyre,337,119,146,27
4352,346.9374699999999,303.73718,136,73,wh2_main_skv_clan_skyre,337,119,146,27
4352,382.3665199999998,301.80742999999995,137,73,wh2_main_skv_clan_skyre,337,119,146,27
4352,360.97540000000004,301.80742999999995,138,73,wh2_main_skv_clan_skyre,337,119,146,27
4352,366.3231800000001,306.43875000000014,139,73,wh2_main_skv_clan_skyre,337,119,146,27
4352,360.97540000000004,304.8949899999999,140,73,wh2_main_skv_clan_skyre,337,119,146,27
4352,358.96997000000005,302.96529999999996,141,73,wh2_main_skv_clan_skyre,337,119,146,27
4352,370.3340099999998,302.57935,142,73,wh2_main_skv_clan_skyre,337,119,146,27
4352,363.64929000000006,305.66687,143,73,wh2_main_skv_clan_skyre,337,119,146,27
4352,368.9970700000001,296.40423999999996,144,73,wh2_main_skv_clan_skyre,337,119,146,27
4352,345.60052,303.73718,145,73,wh2_main_skv_clan_skyre,337,119,146,27
4352,354.29064999999997,318.7889400000001,146,73,wh2_main_skv_clan_skyre,337,119,146,27
1844,26.73891830444336,231.56581,186,2545,wh2_main_skv_clan_skyre,337,123,187,64
2256,26.73891830444336,231.56581000000003,187,2545,wh2_main_skv_clan_skyre,337,123,187,64
1844,291.45419,209.953,145,204,wh2_main_skv_clan_skyre,337,145,170,25
5486,291.45419,209.953,146,204,wh2_main_skv_clan_skyre,337,145,170,25
5706,291.45419,209.95300000000003,147,204,wh2_main_skv_clan_skyre,337,145,170,25
5866,291.45419,209.953,148,204,wh2_main_skv_clan_skyre,337,145,170,25
5910,291.45419,209.953,149,204,wh2_main_skv_clan_skyre,337,145,170,25
5942,291.45419000000004,209.953,150,204,wh2_main_skv_clan_skyre,337,145,170,25
5974,323.5408900000001,223.07506999999995,151,204,wh2_main_skv_clan_skyre,337,145,170,25
5974,334.23647999999986,239.28468000000007,152,204,wh2_main_skv_clan_skyre,337,145,170,25
5974,356.96454,247.77542,153,204,wh2_main_skv_clan_skyre,337,145,170,25
5974,354.95914,245.07381999999998,154,204,wh2_main_skv_clan_skyre,337,145,170,25
5974,354.95914,245.07381999999998,155,204,wh2_main_skv_clan_skyre,337,145,170,25
5974,354.29064999999997,243.91599000000005,156,204,wh2_main_skv_clan_skyre,337,145,170,25
5974,345.60052,252.79267999999993,157,204,wh2_main_skv_clan_skyre,337,145,170,25
5974,336.9103699999999,251.63486000000006,158,204,wh2_main_skv_clan_skyre,337,145,170,25
5974,322.87244000000004,254.33646000000007,159,204,wh2_main_skv_clan_skyre,337,145,170,25
5962,323.5408900000001,263.98502,160,204,wh2_main_skv_clan_skyre,337,145,170,25
5962,323.5408900000001,263.98502,161,204,wh2_main_skv_clan_skyre,337,145,170,25
5962,323.5408900000001,263.98502,162,204,wh2_main_skv_clan_skyre,337,145,170,25
5962,323.5408900000001,263.98502,163,204,wh2_main_skv_clan_skyre,337,145,170,25
5962,323.5408900000001,263.98502,164,204,wh2_main_skv_clan_skyre,337,145,170,25
5998,326.88327000000004,264.37097,165,204,wh2_main_skv_clan_skyre,337,145,170,25
5998,326.88327000000004,264.37097,166,204,wh2_main_skv_clan_skyre,337,145,170,25
5998,326.88327000000004,264.37097,167,204,wh2_main_skv_clan_skyre,337,145,170,25
4078,330.22565000000003,273.24765000000014,168,204,wh2_main_skv_clan_skyre,337,145,170,25
4078,316.18771000000004,279.03683,169,204,wh2_main_skv_clan_skyre,337,145,170,25
4078,302.14977999999996,270.93201000000005,170,204,wh2_main_skv_clan_skyre,337,145,170,25
1960,292.12268,211.11084,150,146,wh2_main_skv_clan_skyre,337,150,158,8
7750,292.12268,211.11084000000002,151,146,wh2_main_skv_clan_skyre,337,150,158,8
7762,292.12268,211.11084000000002,152,146,wh2_main_skv_clan_skyre,337,150,158,8
7874,292.12268,211.11083999999997,153,146,wh2_main_skv_clan_skyre,337,150,158,8
7930,292.12268,211.11083999999994,154,146,wh2_main_skv_clan_skyre,337,150,158,8
7994,292.12268000000006,211.1108399999999,155,146,wh2_main_skv_clan_skyre,337,150,158,8
8010,320.8670000000001,221.53130000000004,156,146,wh2_main_skv_clan_skyre,337,150,158,8
8010,344.9320399999999,246.23164000000003,157,146,wh2_main_skv_clan_skyre,337,150,158,8
8010,334.90494000000007,252.02080000000015,158,146,wh2_main_skv_clan_skyre,337,150,158,8
1844,312.84534,203.77792,151,2662,wh2_main_skv_clan_skyre,337,151,154,3
1844,77.54286,205.32169,151,2664,wh2_main_skv_clan_skyre,337,151,183,32
1844,312.84534,203.77792,152,2662,wh2_main_skv_clan_skyre,337,151,154,3
2164,77.54286,205.32169,152,2664,wh2_main_skv_clan_skyre,337,151,183,32
5550,312.84534,203.77792,153,2662,wh2_main_skv_clan_skyre,337,151,154,3
2180,77.54286,205.32169,153,2664,wh2_main_skv_clan_skyre,337,151,183,32
5550,312.84534,203.77792,154,2662,wh2_main_skv_clan_skyre,337,151,154,3
2260,77.54286,205.32169000000002,154,2664,wh2_main_skv_clan_skyre,337,151,183,32
2464,77.54286,205.32168999999993,155,2664,wh2_main_skv_clan_skyre,337,151,183,32
2784,61.49951000000001,176.7619,156,2664,wh2_main_skv_clan_skyre,337,151,183,32
2784,56.15172576904297,175.99002000000007,157,2664,wh2_main_skv_clan_skyre,337,151,183,32
2784,60.831040000000016,177.91973999999993,158,2664,wh2_main_skv_clan_skyre,337,151,183,32
2784,52.809364318847656,164.79766999999998,159,2664,wh2_main_skv_clan_skyre,337,151,183,32
2784,42.11379623413086,185.63860000000008,160,2664,wh2_main_skv_clan_skyre,337,151,183,32
2784,23.39655303955078,189.49802,161,2664,wh2_main_skv_clan_skyre,337,151,183,32
2784,26.070444107055664,184.8667,162,2664,wh2_main_skv_clan_skyre,337,151,183,32
2784,39.439903259277344,185.63860000000008,163,2664,wh2_main_skv_clan_skyre,337,151,183,32
2784,42.11379623413086,185.63860000000008,164,2664,wh2_main_skv_clan_skyre,337,151,183,32
2784,18.048768997192383,191.04179000000008,165,2664,wh2_main_skv_clan_skyre,337,151,183,32
2784,18.048768997192383,191.04179000000008,166,2664,wh2_main_skv_clan_skyre,337,151,183,32
2784,20.054187774658203,204.54979999999992,167,2664,wh2_main_skv_clan_skyre,337,151,183,32
2784,16.043349999999997,205.3216899999999,168,2664,wh2_main_skv_clan_skyre,337,151,183,32
2784,17.38029670715332,202.23415000000008,169,2664,wh2_main_skv_clan_skyre,337,151,183,32
2784,17.38029670715332,202.23415000000008,170,2664,wh2_main_skv_clan_skyre,337,151,183,32
2784,17.38029670715332,202.23415000000008,171,2664,wh2_main_skv_clan_skyre,337,151,183,32
2784,24.065025329589844,230.02204999999995,172,2664,wh2_main_skv_clan_skyre,337,151,183,32
2784,38.77143,209.1811200000001,173,2664,wh2_main_skv_clan_skyre,337,151,183,32
2784,28.075862884521484,231.56581,174,2664,wh2_main_skv_clan_skyre,337,151,183,32
2784,16.043349999999997,243.91599000000005,175,2664,wh2_main_skv_clan_skyre,337,151,183,32
2784,16.043349999999997,243.91599000000005,176,2664,wh2_main_skv_clan_skyre,337,151,183,32
2784,36.097537994384766,211.49678,177,2664,wh2_main_skv_clan_skyre,337,151,183,32
2784,37.434486389160156,186.79642000000007,178,2664,wh2_main_skv_clan_skyre,337,151,183,32
2784,42.11379623413086,182.55105999999992,179,2664,wh2_main_skv_clan_skyre,337,151,183,32
2784,54.146309999999986,172.51652999999993,180,2664,wh2_main_skv_clan_skyre,337,151,183,32
2784,60.831040000000016,177.91973999999993,181,2664,wh2_main_skv_clan_skyre,337,151,183,32
2784,88.90689999999996,166.34144999999995,182,2664,wh2_main_skv_clan_skyre,337,151,183,32
2784,119.65665435791016,133.15034,183,2664,wh2_main_skv_clan_skyre,337,151,183,32
1960,291.45419,209.953,157,2564,wh2_main_skv_clan_skyre,337,157,187,30
6120,291.45419,209.953,158,2564,wh2_main_skv_clan_skyre,337,157,187,30
6176,291.45419,209.953,159,2564,wh2_main_skv_clan_skyre,337,157,187,30
6292,291.45419,209.953,160,2564,wh2_main_skv_clan_skyre,337,157,187,30
6324,291.45419,209.953,161,2564,wh2_main_skv_clan_skyre,337,157,187,30
6368,275.41086,233.88146999999995,162,2564,wh2_main_skv_clan_skyre,337,157,187,30
6368,275.41086,233.88146999999995,163,2564,wh2_main_skv_clan_skyre,337,157,187,30
6368,275.41086,222.30317999999994,164,2564,wh2_main_skv_clan_skyre,337,157,187,30
6368,288.1118500000001,238.89872999999994,165,2564,wh2_main_skv_clan_skyre,337,157,187,30
6368,302.8182399999999,272.86171999999993,166,2564,wh2_main_skv_clan_skyre,337,157,187,30
6368,304.15517999999986,296.0183100000001,167,2564,wh2_main_skv_clan_skyre,337,157,187,30
6368,299.47588999999994,307.21065999999996,168,2564,wh2_main_skv_clan_skyre,337,157,187,30
6368,303.48671999999993,315.70139000000006,169,2564,wh2_main_skv_clan_skyre,337,157,187,30
6368,295.46503000000007,319.5608199999999,170,2564,wh2_main_skv_clan_skyre,337,157,187,30
6368,286.10641,334.9985399999999,171,2564,wh2_main_skv_clan_skyre,337,157,187,30
8908,273.4054299999999,337.70016000000004,172,2564,wh2_main_skv_clan_skyre,337,157,187,30
8908,259.36749,345.03305,173,2564,wh2_main_skv_clan_skyre,337,157,187,30
8908,259.36749,345.03305,174,2564,wh2_main_skv_clan_skyre,337,157,187,30
8908,259.36749,345.03305,175,2564,wh2_main_skv_clan_skyre,337,157,187,30
8908,259.36749,345.03305,176,2564,wh2_main_skv_clan_skyre,337,157,187,30
8908,259.36749,345.03305,177,2564,wh2_main_skv_clan_skyre,337,157,187,30
8908,252.68276999999998,368.9615199999999,178,2564,wh2_main_skv_clan_skyre,337,157,187,30
8908,254.01970999999995,373.5928299999998,179,2564,wh2_main_skv_clan_skyre,337,157,187,30
8908,254.01970999999995,373.5928299999998,180,2564,wh2_main_skv_clan_skyre,337,157,187,30
8908,254.68818999999993,374.7506999999998,181,2564,wh2_main_skv_clan_skyre,337,157,187,30
8908,272.06847999999997,356.99730999999997,182,2564,wh2_main_skv_clan_skyre,337,157,187,30
8908,281.42712,347.73467999999986,183,2564,wh2_main_skv_clan_skyre,337,157,187,30
8908,270.06307999999996,334.2266499999999,184,2564,wh2_main_skv_clan_skyre,337,157,187,30
8908,254.68818999999993,346.96280000000013,185,2564,wh2_main_skv_clan_skyre,337,157,187,30
8908,262.70987,374.7506999999998,186,2564,wh2_main_skv_clan_skyre,337,157,187,30
8908,283.43253,363.55832000000004,187,2564,wh2_main_skv_clan_skyre,337,157,187,30
4788,433.83892999999995,407.94179999999994,185,119,wh2_main_skv_clan_skyre,337,160,186,26
5054,431.16504,421.83575000000013,186,119,wh2_main_skv_clan_skyre,337,160,186,26
5969,439.8551900000001,489.37576000000007,185,2941,wh2_main_skv_clan_skyre,337,171,187,16
5638,439.8551900000001,489.37576000000007,186,2941,wh2_main_skv_clan_skyre,337,171,187,16
5638,439.8551900000001,489.37576000000007,187,2941,wh2_main_skv_clan_skyre,337,171,187,16
2034,291.45419,242.37222,186,317,wh2_main_skv_clan_skyre,337,186,187,1
2434,291.45419,242.37222,187,317,wh2_main_skv_clan_skyre,337,186,187,1
